transaction_id,card_id,amount,city,fraud_score,fraud_flag
T069542,C1000,,Coimbatore,2,1
T011240,C1000,180339.0,Coimbatore,2,1
T025862,C1000,,,2,1
T084066,C1000,1616.0,,2,1
T028321,C1001,3648.0,,2,1
T046323,C1001,143518.0,Madurai,2,1
T055263,C1001,4458.0,,2,1
T098777,C1001,263739.0,Kochi,2,1
T032287,C1001,127977.0,Kochi,2,1
T063808,C1001,,Chennai,2,1
T096745,C1002,,Bangalore,2,1
T070243,C1002,,Bangalore,2,1
T094205,C1003,,Bangalore,2,1
T025353,C1003,,Mumbai,2,1
T096672,C1003,280539.0,Mumbai,2,1
T077688,C1003,265199.0,Chennai,2,1
T092517,C1004,795.0,Delhi,2,1
T082387,C1004,,Kochi,2,1
T072852,C1004,,Delhi,2,1
T040053,C1004,2470.0,Mumbai,2,1
T020238,C1005,,Coimbatore,2,1
T005413,C1005,,Delhi,2,1
T042404,C1005,2838.0,,4,1
T003169,C1005,240875.0,Delhi,2,1
T076196,C1006,4882.0,,3,1
T012724,C1006,4689.0,,2,1
T066364,C1007,,Delhi,2,1
T027890,C1007,3874.0,Bangalore,3,1
T084276,C1007,2107.0,Chennai,2,1
T027619,C1007,652.0,,2,1
T019009,C1008,,Delhi,2,1
T074417,C1008,458.0,Kochi,2,1
T044611,C1008,,Kochi,2,1
T005613,C1009,,Madurai,2,1
T090273,C1009,,Kochi,2,1
T071791,C1009,,Mumbai,2,1
T076954,C1009,987.0,Coimbatore,2,1
T047172,C1010,3909.0,,2,1
T038651,C1010,1817.0,,2,1
T065344,C1010,1734.0,,2,1
T018835,C1010,190508.0,Madurai,2,1
T090458,C1010,272167.0,Bangalore,2,1
T060782,C1010,,Mumbai,2,1
T054032,C1010,4856.0,,2,1
T097123,C1011,,Chennai,2,1
T011680,C1011,857.0,,2,1
T054064,C1011,189355.0,Kochi,2,1
T026364,C1011,933.0,,2,1
T077560,C1012,297570.0,Bangalore,2,1
T047018,C1012,2044.0,,2,1
T016223,C1012,,Kochi,2,1
T029959,C1012,168982.0,Coimbatore,2,1
T033153,C1013,860.0,Madurai,2,1
T027816,C1013,293019.0,Bangalore,2,1
T079295,C1013,,Mumbai,2,1
T040290,C1014,2507.0,,2,1
T044584,C1014,132546.0,Madurai,2,1
T040464,C1015,163133.0,Delhi,2,1
T099434,C1015,167066.0,,2,1
T010810,C1015,4474.0,,2,1
T050334,C1016,,Bangalore,2,1
T095779,C1016,,Coimbatore,2,1
T080431,C1016,,Mumbai,2,1
T019479,C1017,,Chennai,2,1
T079241,C1017,240726.0,Kochi,2,1
T045155,C1017,829.0,,2,1
T023318,C1017,,Mumbai,2,1
T067571,C1017,,Chennai,2,1
T090476,C1018,3298.0,,4,1
T055062,C1018,,Mumbai,2,1
T096127,C1018,,Kochi,2,1
T098166,C1018,252825.0,,2,1
T083779,C1019,1369.0,,2,1
T075610,C1019,1283.0,Madurai,2,1
T050784,C1019,,Kochi,2,1
T085243,C1020,3043.0,,2,1
T047295,C1020,,Chennai,2,1
T026815,C1021,132315.0,Chennai,2,1
T019382,C1021,,Madurai,3,1
T044470,C1021,,Coimbatore,2,1
T044894,C1021,90764.0,Coimbatore,2,1
T090479,C1022,2586.0,Mumbai,2,1
T096980,C1022,551.0,,2,1
T039334,C1022,1980.0,Coimbatore,2,1
T052395,C1022,,Delhi,2,1
T066257,C1022,3378.0,Mumbai,2,1
T048362,C1022,1184.0,,2,1
T013503,C1022,86234.0,Coimbatore,2,1
T083307,C1023,3810.0,Bangalore,2,1
T063644,C1023,197407.0,Mumbai,2,1
T068802,C1023,122383.0,Coimbatore,2,1
T080306,C1023,4646.0,Coimbatore,2,1
T058326,C1023,357.0,,2,1
T077415,C1024,315.0,,2,1
T044842,C1024,,Delhi,2,1
T011972,C1024,,Madurai,2,1
T001771,C1024,241993.0,Bangalore,2,1
T067502,C1025,,Delhi,2,1
T065582,C1025,1577.0,,2,1
T090265,C1025,,Coimbatore,2,1
T023031,C1025,,Delhi,2,1
T023332,C1026,118168.0,,2,1
T049349,C1026,253064.0,Delhi,2,1
T056232,C1026,,Madurai,2,1
T056139,C1027,138999.0,Madurai,2,1
T036126,C1027,,Chennai,2,1
T085779,C1028,,Coimbatore,2,1
T075681,C1028,112803.0,Mumbai,2,1
T062871,C1029,2936.0,Bangalore,2,1
T045233,C1029,,Kochi,2,1
T091582,C1029,2920.0,Chennai,2,1
T057907,C1029,4059.0,,2,1
T012679,C1029,3332.0,,2,1
T078055,C1030,1266.0,Bangalore,2,1
T090149,C1030,,Kochi,2,1
T011206,C1030,,Madurai,2,1
T039207,C1030,,Chennai,2,1
T014178,C1031,2949.0,Kochi,2,1
T058525,C1031,298258.0,Coimbatore,2,1
T009010,C1031,82712.0,Bangalore,2,1
T005181,C1031,,Coimbatore,2,1
T055957,C1031,,Bangalore,2,1
T023290,C1031,134217.0,Delhi,2,1
T012790,C1032,4246.0,Chennai,2,1
T054248,C1032,,Kochi,2,1
T044087,C1032,,Delhi,2,1
T086481,C1032,,Kochi,2,1
T044712,C1033,4043.0,,2,1
T024336,C1033,226416.0,Bangalore,2,1
T034642,C1033,3952.0,,2,1
T068620,C1033,3256.0,,2,1
T065578,C1034,,Coimbatore,2,1
T090221,C1035,282584.0,Coimbatore,2,1
T030673,C1035,841.0,,2,1
T016178,C1035,,Delhi,2,1
T040677,C1036,,Chennai,2,1
T039599,C1036,,Coimbatore,2,1
T005903,C1036,2606.0,,2,1
T084235,C1036,2509.0,Bangalore,3,1
T053306,C1037,140496.0,Coimbatore,2,1
T038184,C1037,,,2,1
T067825,C1037,,Delhi,2,1
T031265,C1038,,Bangalore,2,1
T092432,C1038,,Kochi,2,1
T001245,C1038,2985.0,,2,1
T050539,C1038,,Coimbatore,2,1
T072524,C1038,,Chennai,2,1
T005529,C1038,168.0,Mumbai,2,1
T065907,C1038,,Kochi,2,1
T044691,C1039,,Coimbatore,2,1
T047946,C1039,,Kochi,2,1
T019512,C1039,288631.0,Delhi,2,1
T024902,C1040,,Bangalore,2,1
T051169,C1040,224927.0,,2,1
T056778,C1040,1041.0,Coimbatore,2,1
T083416,C1041,,Delhi,2,1
T095083,C1041,182630.0,Kochi,2,1
T068900,C1041,279884.0,Bangalore,2,1
T042555,C1042,,Madurai,2,1
T000974,C1043,1467.0,Kochi,2,1
T088185,C1043,2979.0,,2,1
T067355,C1044,100623.0,Mumbai,2,1
T000827,C1044,3018.0,,2,1
T003394,C1045,,Madurai,2,1
T007863,C1045,237.0,,2,1
T065649,C1045,,Coimbatore,2,1
T023755,C1046,220488.0,Mumbai,2,1
T053115,C1046,,Bangalore,2,1
T007572,C1046,,Chennai,2,1
T071864,C1046,,Bangalore,2,1
T025677,C1046,,,2,1
T094817,C1046,,Mumbai,2,1
T013212,C1046,,Mumbai,2,1
T024052,C1046,,Kochi,2,1
T002403,C1047,3126.0,,2,1
T081331,C1047,,Delhi,2,1
T006600,C1047,,,2,1
T053983,C1048,2237.0,,2,1
T068774,C1048,,Coimbatore,2,1
T046933,C1048,,Madurai,2,1
T039685,C1048,1615.0,Coimbatore,2,1
T075694,C1049,194774.0,Madurai,2,1
T047206,C1049,,Mumbai,2,1
T035813,C1050,,,2,1
T045815,C1050,4098.0,Chennai,2,1
T061529,C1050,1848.0,Bangalore,2,1
T060899,C1051,2348.0,,2,1
T089211,C1051,320.0,Mumbai,2,1
T076968,C1052,2820.0,,2,1
T047450,C1052,3954.0,,2,1
T053856,C1052,,Bangalore,2,1
T076751,C1053,,Delhi,2,1
T089387,C1053,,Coimbatore,2,1
T014990,C1053,2825.0,,2,1
T075000,C1053,,Bangalore,2,1
T061080,C1054,4624.0,Madurai,3,1
T016510,C1054,,Madurai,2,1
T075446,C1055,4227.0,,2,1
T070531,C1055,,Delhi,2,1
T085652,C1055,4078.0,Delhi,2,1
T086030,C1055,218655.0,Delhi,2,1
T052673,C1055,1340.0,,2,1
T032588,C1056,4187.0,,2,1
T071652,C1056,2745.0,,2,1
T034283,C1056,139133.0,Bangalore,2,1
T000507,C1056,4916.0,,2,1
T009324,C1056,1893.0,,2,1
T051896,C1057,,Kochi,2,1
T043857,C1057,356.0,,2,1
T062988,C1057,,Madurai,2,1
T027446,C1057,1843.0,,2,1
T080733,C1058,,Chennai,2,1
T047285,C1058,4968.0,Kochi,3,1
T053952,C1058,3113.0,Bangalore,2,1
T066762,C1058,268105.0,Coimbatore,2,1
T050694,C1059,2062.0,,2,1
T055304,C1059,342.0,,3,1
T066202,C1060,,Mumbai,2,1
T091759,C1060,2810.0,,2,1
T012393,C1060,1495.0,Delhi,3,1
T074205,C1060,,Kochi,2,1
T001809,C1061,1501.0,,2,1
T080492,C1061,,Coimbatore,2,1
T026601,C1061,,Bangalore,2,1
T090616,C1062,119285.0,Mumbai,2,1
T015674,C1062,754.0,Mumbai,2,1
T003511,C1062,109721.0,Coimbatore,2,1
T050480,C1063,,Delhi,2,1
T065790,C1063,,Coimbatore,2,1
T029486,C1063,,Delhi,2,1
T013818,C1064,143.0,,2,1
T049507,C1064,3139.0,,2,1
T057024,C1064,4562.0,Kochi,2,1
T080075,C1066,,Coimbatore,2,1
T082303,C1066,656.0,Chennai,2,1
T059071,C1066,2218.0,,2,1
T058176,C1066,,Kochi,2,1
T096370,C1066,2669.0,Bangalore,2,1
T013255,C1067,255936.0,Bangalore,2,1
T081128,C1067,3394.0,,2,1
T068490,C1067,,Chennai,2,1
T000329,C1067,284671.0,Kochi,2,1
T094548,C1068,,Madurai,2,1
T031647,C1068,2207.0,Chennai,2,1
T002610,C1068,,Mumbai,2,1
T024141,C1069,3634.0,Kochi,2,1
T095222,C1070,107120.0,Bangalore,2,1
T052337,C1070,,Chennai,2,1
T020482,C1070,3942.0,,2,1
T011792,C1070,607.0,,2,1
T091705,C1070,,Kochi,2,1
T001144,C1070,238205.0,Bangalore,2,1
T018052,C1070,186509.0,Delhi,2,1
T064839,C1070,195999.0,Madurai,3,1
T079009,C1071,919.0,,2,1
T022636,C1072,3625.0,,2,1
T048576,C1072,,Madurai,2,1
T016287,C1073,3589.0,Mumbai,2,1
T064636,C1073,227.0,,2,1
T090983,C1073,4790.0,,2,1
T093385,C1074,159.0,,2,1
T079831,C1074,406.0,,2,1
T024880,C1074,3022.0,Bangalore,2,1
T095543,C1074,184499.0,Mumbai,2,1
T065583,C1074,,,2,1
T078206,C1075,,Kochi,2,1
T089309,C1076,,Bangalore,2,1
T004883,C1076,931.0,Coimbatore,2,1
T057912,C1076,798.0,Delhi,2,1
T057560,C1076,,Chennai,2,1
T067088,C1077,91274.0,Delhi,2,1
T060620,C1078,,Bangalore,2,1
T082501,C1078,2471.0,Bangalore,3,1
T076078,C1078,3021.0,Mumbai,2,1
T058029,C1078,144635.0,Coimbatore,3,1
T027169,C1079,2194.0,Coimbatore,2,1
T051300,C1079,135577.0,,2,1
T091506,C1079,170697.0,Delhi,2,1
T013884,C1080,4498.0,Kochi,2,1
T069786,C1080,265742.0,Kochi,2,1
T057076,C1080,3188.0,,2,1
T013441,C1081,3286.0,Mumbai,2,1
T025885,C1081,,Bangalore,2,1
T038738,C1081,821.0,,2,1
T076340,C1081,1135.0,Delhi,2,1
T034823,C1081,,Kochi,2,1
T030222,C1081,2953.0,,2,1
T058649,C1082,4626.0,,2,1
T060339,C1082,270.0,Bangalore,2,1
T043112,C1082,120225.0,Coimbatore,2,1
T002004,C1082,4653.0,Bangalore,2,1
T022607,C1082,3375.0,Mumbai,2,1
T072578,C1083,1339.0,,2,1
T011329,C1084,222035.0,Mumbai,2,1
T023609,C1084,2416.0,,2,1
T003723,C1084,3916.0,Madurai,2,1
T081565,C1084,,Bangalore,2,1
T046167,C1085,1166.0,,2,1
T000601,C1086,270473.0,Kochi,2,1
T071832,C1086,713.0,,2,1
T057868,C1086,3094.0,Bangalore,3,1
T046034,C1087,,Kochi,2,1
T031871,C1087,192580.0,Coimbatore,2,1
T008549,C1087,4827.0,Madurai,3,1
T089043,C1087,160449.0,Kochi,2,1
T066997,C1088,2381.0,,2,1
T070233,C1088,,Mumbai,2,1
T094485,C1088,201378.0,Kochi,2,1
T028103,C1089,,Kochi,2,1
T098748,C1089,263284.0,Kochi,2,1
T046392,C1090,,Delhi,2,1
T000940,C1090,194089.0,Madurai,2,1
T058362,C1091,2026.0,Delhi,2,1
T042897,C1091,,Madurai,2,1
T081027,C1091,,Bangalore,2,1
T024022,C1091,144671.0,Bangalore,2,1
T068859,C1091,133183.0,Mumbai,2,1
T036583,C1091,2258.0,,2,1
T026910,C1092,4157.0,,2,1
T050704,C1092,1520.0,Delhi,2,1
T037660,C1094,,Delhi,2,1
T034978,C1094,3870.0,Delhi,2,1
T099674,C1094,4542.0,,2,1
T009190,C1094,289948.0,Delhi,2,1
T040098,C1094,,Delhi,2,1
T073636,C1095,,Kochi,2,1
T064789,C1096,84164.0,Chennai,2,1
T052909,C1096,,Madurai,2,1
T095152,C1096,2088.0,,2,1
T039417,C1096,,Chennai,2,1
T088716,C1096,,Kochi,2,1
T037460,C1096,,Mumbai,2,1
T008419,C1097,281624.0,,2,1
T036874,C1098,,Coimbatore,2,1
T069099,C1098,,Bangalore,2,1
T049096,C1098,1057.0,,2,1
T094003,C1098,96025.0,Bangalore,2,1
T050359,C1099,,Coimbatore,2,1
T078088,C1100,159889.0,Delhi,2,1
T001255,C1100,686.0,,2,1
T071987,C1101,,Mumbai,2,1
T041833,C1101,,Madurai,2,1
T085985,C1101,,Coimbatore,2,1
T070261,C1101,,Bangalore,2,1
T034089,C1102,,Chennai,2,1
T003311,C1102,,Kochi,2,1
T065674,C1102,4918.0,Madurai,2,1
T089890,C1102,,Madurai,2,1
T012871,C1102,,Delhi,2,1
T088985,C1103,,Coimbatore,2,1
T020277,C1103,,Mumbai,2,1
T011802,C1103,,Mumbai,2,1
T030133,C1103,3392.0,Delhi,2,1
T030220,C1103,1457.0,Delhi,2,1
T036005,C1103,4471.0,,2,1
T067515,C1104,,Madurai,2,1
T092169,C1104,88130.0,Madurai,2,1
T012459,C1104,3248.0,,2,1
T059288,C1104,682.0,Chennai,2,1
T049395,C1104,3523.0,Madurai,2,1
T091585,C1104,3672.0,,2,1
T097562,C1104,1298.0,,2,1
T037101,C1104,295083.0,Madurai,2,1
T097292,C1105,,Mumbai,2,1
T053473,C1105,192440.0,Madurai,2,1
T054334,C1105,,Madurai,2,1
T060219,C1105,4004.0,Mumbai,3,1
T014520,C1106,,Kochi,2,1
T018110,C1106,136.0,,2,1
T003722,C1107,,,2,1
T019124,C1107,242970.0,Chennai,2,1
T091227,C1107,,Delhi,2,1
T097790,C1107,,Kochi,2,1
T098326,C1108,3260.0,Madurai,2,1
T068714,C1108,186200.0,Bangalore,2,1
T076865,C1108,,Chennai,2,1
T041666,C1108,3058.0,,2,1
T009733,C1108,2550.0,Bangalore,2,1
T012727,C1108,,Coimbatore,2,1
T058177,C1109,,Mumbai,2,1
T002517,C1109,1341.0,Bangalore,2,1
T039628,C1109,,Madurai,2,1
T082237,C1109,1408.0,,2,1
T013706,C1109,,Mumbai,2,1
T062171,C1110,4184.0,Mumbai,3,1
T025546,C1110,,Coimbatore,2,1
T038900,C1110,835.0,Coimbatore,2,1
T038646,C1110,,Coimbatore,2,1
T077962,C1111,3473.0,,2,1
T017984,C1111,,Bangalore,2,1
T085525,C1111,196049.0,Bangalore,2,1
T056599,C1111,2879.0,Coimbatore,2,1
T064819,C1111,298882.0,Delhi,2,1
T029177,C1111,265349.0,Kochi,2,1
T058400,C1112,156941.0,,2,1
T044088,C1112,4274.0,Madurai,2,1
T000793,C1112,1459.0,,2,1
T050705,C1113,,Chennai,2,1
T004037,C1113,,Mumbai,2,1
T071720,C1113,147760.0,,3,1
T012642,C1113,,Madurai,2,1
T045130,C1113,,Bangalore,2,1
T006266,C1113,,Chennai,2,1
T088033,C1114,,Madurai,2,1
T074449,C1115,211141.0,Bangalore,2,1
T052944,C1115,273188.0,Delhi,2,1
T075053,C1115,,Mumbai,2,1
T083019,C1115,3347.0,,2,1
T092332,C1116,3531.0,Kochi,2,1
T038922,C1116,,Madurai,2,1
T094408,C1116,1624.0,Bangalore,2,1
T039148,C1116,,Mumbai,2,1
T081758,C1116,2874.0,,2,1
T068338,C1116,4896.0,Coimbatore,2,1
T079096,C1117,190650.0,Chennai,2,1
T068798,C1117,709.0,,2,1
T065891,C1117,208522.0,Chennai,2,1
T056188,C1118,3754.0,Madurai,2,1
T081039,C1118,,Coimbatore,2,1
T094665,C1118,2057.0,Delhi,2,1
T011515,C1118,,Coimbatore,2,1
T019363,C1119,,Chennai,2,1
T012763,C1119,172179.0,,3,1
T026259,C1119,214320.0,Kochi,2,1
T065722,C1119,,Madurai,2,1
T078983,C1120,3086.0,Kochi,2,1
T047911,C1120,4761.0,,2,1
T094502,C1120,,Coimbatore,2,1
T039588,C1120,,Madurai,2,1
T030122,C1121,653.0,,2,1
T036448,C1121,,,2,1
T037641,C1123,,Delhi,2,1
T070642,C1123,,Madurai,2,1
T078740,C1123,,Coimbatore,2,1
T036086,C1124,,Madurai,2,1
T065991,C1124,186588.0,Mumbai,2,1
T052682,C1124,,Coimbatore,2,1
T074219,C1125,,Bangalore,2,1
T087148,C1125,4193.0,,2,1
T080667,C1126,1800.0,Coimbatore,2,1
T030368,C1126,1512.0,Mumbai,3,1
T015039,C1126,247778.0,,2,1
T094312,C1126,,Kochi,2,1
T046560,C1127,,Bangalore,2,1
T056091,C1127,3404.0,,2,1
T099698,C1127,,Chennai,3,1
T059026,C1127,,Kochi,2,1
T033606,C1127,257.0,Bangalore,3,1
T060281,C1127,3622.0,Chennai,2,1
T042166,C1127,251180.0,Coimbatore,2,1
T033143,C1128,,Coimbatore,2,1
T028975,C1128,2763.0,,2,1
T026382,C1128,,Coimbatore,2,1
T086343,C1128,,Kochi,2,1
T007694,C1128,,Bangalore,2,1
T071270,C1129,274301.0,Delhi,2,1
T062985,C1129,188215.0,Mumbai,2,1
T081429,C1129,4688.0,,2,1
T008102,C1129,292345.0,Mumbai,2,1
T080481,C1129,2152.0,Madurai,2,1
T044660,C1130,,Kochi,2,1
T070419,C1130,275188.0,Mumbai,2,1
T047949,C1130,,Bangalore,2,1
T053045,C1131,,Bangalore,2,1
T003861,C1131,,Bangalore,2,1
T014631,C1132,,Chennai,2,1
T019607,C1133,,Chennai,2,1
T086405,C1133,31.0,,2,1
T058085,C1133,,Coimbatore,2,1
T020338,C1134,,Mumbai,2,1
T085949,C1134,,Delhi,2,1
T076866,C1134,,Madurai,2,1
T021887,C1134,231038.0,Coimbatore,2,1
T065872,C1135,165842.0,Coimbatore,2,1
T098819,C1136,4670.0,Mumbai,2,1
T042610,C1136,209694.0,Delhi,2,1
T078981,C1136,312.0,,2,1
T030384,C1137,3231.0,Delhi,2,1
T053838,C1137,2217.0,,2,1
T008638,C1137,,Mumbai,2,1
T038686,C1137,240949.0,,3,1
T071275,C1138,413.0,Delhi,3,1
T067386,C1138,120800.0,Bangalore,2,1
T095743,C1138,2432.0,Madurai,2,1
T093456,C1138,,Madurai,2,1
T088099,C1138,,Mumbai,2,1
T012704,C1138,797.0,,2,1
T076886,C1138,207145.0,Delhi,2,1
T064850,C1138,220452.0,Mumbai,2,1
T002907,C1139,,,2,1
T035858,C1139,791.0,,2,1
T098576,C1140,4916.0,,2,1
T084538,C1140,2960.0,,2,1
T041361,C1140,20.0,Coimbatore,3,1
T089986,C1141,102664.0,Chennai,2,1
T046839,C1142,131173.0,Coimbatore,2,1
T098023,C1142,,Kochi,2,1
T062090,C1142,93421.0,Kochi,2,1
T082511,C1143,1286.0,Mumbai,2,1
T080044,C1143,414.0,Madurai,2,1
T091862,C1143,2855.0,Kochi,2,1
T092782,C1143,2931.0,,2,1
T064256,C1143,,Delhi,2,1
T046425,C1143,275949.0,Mumbai,2,1
T041247,C1143,,Kochi,2,1
T066320,C1143,82172.0,Kochi,2,1
T045673,C1144,2730.0,Mumbai,2,1
T084824,C1144,2497.0,Bangalore,2,1
T059844,C1144,246383.0,,3,1
T056321,C1145,171918.0,Chennai,2,1
T000177,C1145,254418.0,Bangalore,2,1
T055433,C1145,2898.0,,2,1
T016739,C1145,196652.0,Bangalore,2,1
T095323,C1145,286961.0,Madurai,2,1
T067966,C1146,,Mumbai,2,1
T001122,C1146,,,4,1
T015866,C1148,2999.0,,2,1
T071398,C1148,2646.0,Delhi,2,1
T004066,C1148,1344.0,Delhi,2,1
T074710,C1149,,Coimbatore,2,1
T027455,C1149,,Mumbai,2,1
T003321,C1149,,Coimbatore,2,1
T096573,C1149,1853.0,Madurai,2,1
T098868,C1151,3900.0,Mumbai,2,1
T057445,C1151,181935.0,Kochi,2,1
T060513,C1151,3350.0,Coimbatore,2,1
T047144,C1152,,Mumbai,2,1
T060896,C1152,100024.0,Chennai,2,1
T013985,C1152,,Bangalore,2,1
T050838,C1153,2818.0,Bangalore,2,1
T048295,C1153,1064.0,,2,1
T018083,C1153,143.0,,2,1
T092902,C1153,3414.0,Mumbai,2,1
T080370,C1153,245844.0,Kochi,2,1
T080861,C1153,2801.0,Madurai,2,1
T091496,C1154,81327.0,,2,1
T019689,C1154,186722.0,Delhi,2,1
T046423,C1154,59.0,,2,1
T066809,C1155,1605.0,Chennai,2,1
T052966,C1155,186341.0,Bangalore,2,1
T092155,C1155,,Chennai,2,1
T010885,C1156,3379.0,,2,1
T074148,C1156,172572.0,Kochi,2,1
T044105,C1157,4266.0,Bangalore,2,1
T058462,C1157,632.0,,2,1
T029641,C1157,,Bangalore,2,1
T080849,C1157,3444.0,Chennai,2,1
T012355,C1158,112954.0,Madurai,2,1
T071878,C1159,,Chennai,2,1
T012864,C1159,,Kochi,2,1
T076290,C1160,,Delhi,2,1
T048599,C1160,247871.0,Kochi,2,1
T061835,C1161,3595.0,Mumbai,2,1
T056816,C1162,411.0,,2,1
T077481,C1162,,Coimbatore,2,1
T068488,C1162,4125.0,Delhi,2,1
T081646,C1163,752.0,,2,1
T091889,C1163,129752.0,,3,1
T035512,C1163,2316.0,Delhi,3,1
T093499,C1164,,Mumbai,2,1
T015765,C1164,,Delhi,2,1
T026465,C1164,,Delhi,2,1
T014344,C1165,,Coimbatore,2,1
T015016,C1165,,Mumbai,2,1
T098381,C1165,2710.0,Delhi,2,1
T035927,C1166,,Bangalore,2,1
T094690,C1166,,Chennai,2,1
T099847,C1166,2759.0,,2,1
T093479,C1167,,Delhi,2,1
T082881,C1168,2369.0,,2,1
T066508,C1169,,Bangalore,2,1
T081085,C1169,4057.0,Bangalore,2,1
T065873,C1170,53.0,,2,1
T053716,C1170,327.0,Bangalore,2,1
T017347,C1170,,Delhi,2,1
T075462,C1170,246319.0,Bangalore,2,1
T021708,C1170,1042.0,Coimbatore,2,1
T034670,C1171,88281.0,Mumbai,2,1
T089760,C1171,194868.0,Kochi,2,1
T002033,C1171,,Mumbai,2,1
T050616,C1171,,Delhi,2,1
T023338,C1171,3795.0,,2,1
T016222,C1172,,Coimbatore,2,1
T037092,C1172,,Madurai,2,1
T043271,C1173,2887.0,,2,1
T040836,C1173,,Madurai,2,1
T002159,C1174,1800.0,Delhi,2,1
T011153,C1174,191729.0,Bangalore,2,1
T098143,C1174,1391.0,,2,1
T054429,C1175,1295.0,,2,1
T024533,C1176,,Madurai,2,1
T069405,C1176,,Kochi,2,1
T054142,C1177,3671.0,,2,1
T024051,C1177,2889.0,,2,1
T098795,C1177,,Bangalore,2,1
T014572,C1177,,Mumbai,2,1
T069888,C1177,,Bangalore,2,1
T094247,C1178,,Chennai,2,1
T044802,C1179,3274.0,,2,1
T099405,C1179,959.0,Madurai,2,1
T038582,C1179,,Chennai,2,1
T080301,C1179,250807.0,Mumbai,2,1
T079538,C1180,4902.0,Kochi,3,1
T038554,C1180,4180.0,,2,1
T055199,C1183,442.0,Kochi,2,1
T090552,C1183,2020.0,,2,1
T070804,C1183,,Bangalore,2,1
T002280,C1184,924.0,,2,1
T076963,C1184,,Mumbai,2,1
T085990,C1184,,Mumbai,2,1
T013938,C1184,,Chennai,2,1
T090340,C1184,2059.0,Delhi,2,1
T012813,C1185,162391.0,Chennai,2,1
T030524,C1185,1050.0,Mumbai,3,1
T061998,C1185,4749.0,Kochi,2,1
T073542,C1185,4065.0,,2,1
T042340,C1185,799.0,,2,1
T010065,C1187,,Delhi,2,1
T061586,C1187,,Chennai,2,1
T030541,C1187,106127.0,Bangalore,2,1
T007900,C1187,3664.0,Madurai,2,1
T045435,C1188,,Chennai,2,1
T029267,C1188,4819.0,,2,1
T078540,C1188,3333.0,,2,1
T044298,C1188,,Coimbatore,2,1
T070806,C1189,,Kochi,2,1
T049896,C1189,4222.0,Madurai,2,1
T072184,C1190,1985.0,,2,1
T009710,C1190,158707.0,Bangalore,2,1
T062199,C1190,2809.0,,2,1
T005905,C1190,,Chennai,2,1
T035002,C1190,81693.0,Coimbatore,2,1
T053262,C1190,206084.0,Coimbatore,2,1
T053879,C1190,,Madurai,2,1
T017717,C1191,242492.0,Delhi,2,1
T017330,C1191,,Mumbai,2,1
T072676,C1192,159.0,Mumbai,2,1
T012231,C1192,,Coimbatore,2,1
T018339,C1193,3405.0,Coimbatore,2,1
T093835,C1193,,Coimbatore,2,1
T063480,C1193,,Bangalore,2,1
T096694,C1193,,Coimbatore,2,1
T004821,C1194,3034.0,,2,1
T079253,C1194,102418.0,Delhi,3,1
T069243,C1194,2453.0,,2,1
T079785,C1195,1104.0,Chennai,2,1
T086929,C1195,1240.0,Mumbai,2,1
T012295,C1197,,Mumbai,2,1
T029993,C1197,186406.0,Coimbatore,2,1
T070554,C1198,1405.0,Madurai,2,1
T083710,C1198,,Mumbai,2,1
T054849,C1198,,Kochi,2,1
T027146,C1198,2989.0,,2,1
T055297,C1199,,Bangalore,2,1
T054212,C1199,,Bangalore,2,1
T075139,C1199,2783.0,,2,1
T037164,C1199,,Chennai,2,1
T092747,C1199,670.0,Chennai,2,1
T064871,C1200,146523.0,,2,1
T095093,C1201,,Mumbai,2,1
T091004,C1201,4896.0,,2,1
T063119,C1202,,Madurai,2,1
T007771,C1202,212485.0,Bangalore,2,1
T032302,C1203,701.0,Delhi,3,1
T038115,C1203,249264.0,Mumbai,2,1
T097587,C1203,2180.0,Bangalore,2,1
T027560,C1203,,Chennai,3,1
T002728,C1204,,Bangalore,2,1
T074336,C1204,3063.0,,2,1
T054158,C1204,4367.0,Kochi,2,1
T055756,C1205,1531.0,Chennai,2,1
T097659,C1205,,Mumbai,2,1
T033413,C1205,,Madurai,2,1
T062132,C1206,2233.0,Chennai,2,1
T001321,C1206,1121.0,,2,1
T000774,C1206,,Mumbai,2,1
T076388,C1206,4947.0,,2,1
T025126,C1207,,Mumbai,2,1
T000099,C1208,,Mumbai,2,1
T051998,C1209,,Chennai,2,1
T095026,C1209,1253.0,,2,1
T012464,C1209,4274.0,Kochi,2,1
T093918,C1209,254439.0,Bangalore,2,1
T013775,C1210,4259.0,Coimbatore,2,1
T042694,C1210,,Bangalore,2,1
T040165,C1210,228797.0,Bangalore,2,1
T043911,C1211,239704.0,Mumbai,2,1
T044282,C1211,,Delhi,2,1
T044369,C1211,1802.0,Mumbai,2,1
T093816,C1211,134188.0,Madurai,2,1
T044314,C1211,4526.0,Coimbatore,2,1
T027249,C1212,,Delhi,2,1
T060623,C1212,,Delhi,2,1
T016577,C1213,3987.0,,2,1
T033863,C1213,2426.0,Bangalore,2,1
T088631,C1213,81382.0,Kochi,2,1
T030747,C1214,,Chennai,2,1
T021255,C1214,204740.0,Coimbatore,2,1
T031297,C1214,,Coimbatore,2,1
T054985,C1214,1775.0,,2,1
T092768,C1214,3369.0,Bangalore,3,1
T025652,C1215,,Chennai,2,1
T057781,C1215,3557.0,,2,1
T096364,C1215,,Chennai,2,1
T031387,C1216,,Chennai,2,1
T015473,C1216,,Mumbai,2,1
T056302,C1217,211.0,Bangalore,2,1
T050234,C1217,159858.0,Delhi,2,1
T058708,C1217,,Mumbai,2,1
T034432,C1217,1857.0,,2,1
T013066,C1217,4494.0,,2,1
T060285,C1217,288946.0,Madurai,2,1
T083280,C1217,,Chennai,2,1
T025417,C1217,164047.0,Kochi,2,1
T019576,C1218,,Madurai,2,1
T061229,C1218,,Mumbai,2,1
T027265,C1219,96158.0,Chennai,2,1
T054170,C1219,,Mumbai,2,1
T056394,C1219,,Coimbatore,2,1
T071444,C1219,2799.0,Mumbai,2,1
T040736,C1220,4667.0,Chennai,2,1
T010255,C1220,184688.0,Madurai,2,1
T018509,C1220,,Mumbai,2,1
T000071,C1221,365.0,Bangalore,2,1
T094026,C1221,,Mumbai,2,1
T044382,C1221,4253.0,,2,1
T044254,C1221,,Chennai,2,1
T083600,C1222,122084.0,Bangalore,2,1
T087803,C1222,2478.0,,2,1
T045935,C1223,88225.0,Kochi,2,1
T007215,C1224,260012.0,Coimbatore,2,1
T025124,C1224,146850.0,Madurai,2,1
T049432,C1225,,Bangalore,2,1
T063519,C1225,196620.0,Chennai,2,1
T098700,C1225,,,2,1
T085432,C1226,2535.0,Delhi,2,1
T008480,C1226,54.0,Bangalore,2,1
T087885,C1226,,Delhi,2,1
T018855,C1226,,Mumbai,2,1
T009611,C1227,268241.0,Delhi,2,1
T003839,C1227,3911.0,,2,1
T056725,C1228,4643.0,Chennai,2,1
T057503,C1228,603.0,Kochi,2,1
T061861,C1228,3662.0,,2,1
T012285,C1228,277765.0,Kochi,2,1
T056140,C1228,,Chennai,2,1
T017615,C1228,656.0,,2,1
T021676,C1228,2789.0,,2,1
T003006,C1229,4177.0,Delhi,2,1
T069078,C1229,2046.0,Mumbai,2,1
T022731,C1229,194638.0,Delhi,2,1
T059856,C1230,4319.0,,2,1
T016273,C1230,1522.0,Madurai,2,1
T029229,C1230,3649.0,,2,1
T006222,C1231,,Madurai,2,1
T052990,C1231,268.0,Madurai,3,1
T095809,C1231,1872.0,Madurai,2,1
T065994,C1231,90405.0,Mumbai,2,1
T062595,C1232,143387.0,,2,1
T083656,C1232,2259.0,,2,1
T030126,C1232,,Madurai,2,1
T032929,C1232,,Coimbatore,2,1
T032308,C1232,3233.0,,2,1
T062753,C1233,,Madurai,2,1
T015027,C1235,4120.0,Delhi,3,1
T088196,C1235,,Chennai,2,1
T064428,C1236,,Delhi,2,1
T096328,C1237,2861.0,,2,1
T087568,C1237,,Delhi,2,1
T048523,C1238,216404.0,Delhi,2,1
T004242,C1238,2851.0,,2,1
T096549,C1238,143466.0,Delhi,2,1
T099298,C1239,172404.0,,2,1
T026182,C1239,1606.0,Madurai,2,1
T005079,C1239,4836.0,Mumbai,3,1
T049502,C1239,3971.0,Chennai,3,1
T083477,C1240,,Delhi,2,1
T081653,C1240,2781.0,Bangalore,2,1
T004911,C1241,,,2,1
T077796,C1241,1638.0,Mumbai,2,1
T035602,C1241,2251.0,Coimbatore,2,1
T093322,C1242,353.0,Kochi,2,1
T078627,C1242,2217.0,Delhi,2,1
T027211,C1242,,Kochi,2,1
T071391,C1243,,Bangalore,2,1
T041692,C1243,,Kochi,2,1
T011036,C1243,3101.0,Kochi,2,1
T097014,C1243,1000.0,,2,1
T028145,C1244,128060.0,,2,1
T062574,C1244,2860.0,,2,1
T070070,C1245,1387.0,Chennai,2,1
T042300,C1245,,Kochi,2,1
T091633,C1245,1339.0,Bangalore,2,1
T001002,C1245,,Bangalore,2,1
T059664,C1246,,Madurai,2,1
T084181,C1246,,Mumbai,4,1
T084612,C1246,,Coimbatore,2,1
T071266,C1246,1557.0,,2,1
T034345,C1246,,Coimbatore,2,1
T096029,C1246,1210.0,Delhi,3,1
T034356,C1246,,Kochi,2,1
T098815,C1246,,Chennai,2,1
T082513,C1246,,Delhi,2,1
T028085,C1247,93190.0,,2,1
T017715,C1247,132.0,,2,1
T028002,C1247,677.0,Kochi,2,1
T048201,C1248,728.0,,2,1
T021559,C1248,,Bangalore,2,1
T040567,C1248,96428.0,Kochi,2,1
T003310,C1248,322.0,,2,1
T098839,C1249,82574.0,Bangalore,2,1
T063399,C1249,3442.0,,2,1
T019942,C1249,4466.0,Mumbai,3,1
T070467,C1249,,Coimbatore,2,1
T070003,C1249,,Kochi,2,1
T056914,C1249,2430.0,Bangalore,2,1
T031080,C1250,,Delhi,2,1
T050164,C1250,,Coimbatore,2,1
T077683,C1250,926.0,,2,1
T013213,C1250,4647.0,Madurai,3,1
T002929,C1251,402.0,Kochi,2,1
T015351,C1253,,,2,1
T044586,C1254,260.0,Chennai,2,1
T013641,C1254,2151.0,,2,1
T093908,C1254,4708.0,,2,1
T075489,C1254,3090.0,,2,1
T037937,C1254,3897.0,Delhi,2,1
T087017,C1254,1469.0,,2,1
T075966,C1254,,Coimbatore,2,1
T033624,C1255,2029.0,,2,1
T067108,C1255,3235.0,,2,1
T023732,C1255,3263.0,,2,1
T097585,C1255,4273.0,Delhi,3,1
T040146,C1256,2695.0,,2,1
T037166,C1256,,Kochi,2,1
T009438,C1256,2091.0,,2,1
T091085,C1256,210888.0,Bangalore,2,1
T053056,C1256,,Delhi,2,1
T089746,C1257,,Madurai,2,1
T070031,C1258,,Coimbatore,2,1
T016931,C1258,,Delhi,2,1
T038587,C1258,643.0,Delhi,2,1
T005421,C1258,2704.0,,2,1
T097009,C1258,892.0,,2,1
T099938,C1259,137068.0,Chennai,2,1
T006920,C1259,1293.0,,2,1
T006101,C1260,,Delhi,2,1
T062769,C1260,4797.0,Mumbai,2,1
T097148,C1260,4228.0,Chennai,2,1
T088664,C1260,298553.0,Mumbai,2,1
T089337,C1261,656.0,,2,1
T083712,C1261,,Mumbai,2,1
T045898,C1262,241314.0,Chennai,2,1
T057003,C1263,2584.0,Delhi,2,1
T010991,C1263,2937.0,,2,1
T028415,C1263,269293.0,Mumbai,2,1
T024640,C1264,,Bangalore,2,1
T039015,C1264,,Delhi,2,1
T033448,C1265,2747.0,,2,1
T003858,C1265,109012.0,Coimbatore,2,1
T031657,C1265,4100.0,,2,1
T001980,C1266,,Bangalore,2,1
T026149,C1266,,Chennai,2,1
T071643,C1266,,Kochi,2,1
T046649,C1266,,Madurai,2,1
T092390,C1266,139900.0,Delhi,2,1
T008100,C1266,212.0,,2,1
T001253,C1267,,Delhi,2,1
T029292,C1267,3222.0,,2,1
T025522,C1267,,Bangalore,2,1
T066695,C1268,,Delhi,2,1
T085750,C1269,,Mumbai,2,1
T059694,C1269,125451.0,Delhi,2,1
T095011,C1269,,,2,1
T061614,C1270,2825.0,,2,1
T068844,C1271,3934.0,Delhi,3,1
T066947,C1271,3425.0,Kochi,2,1
T045958,C1271,4906.0,Chennai,2,1
T013789,C1271,,Delhi,2,1
T096355,C1271,,Mumbai,2,1
T067182,C1271,,Chennai,3,1
T009243,C1273,,Chennai,2,1
T081034,C1273,3517.0,Delhi,2,1
T011078,C1273,,Mumbai,2,1
T052668,C1273,170064.0,Delhi,2,1
T021267,C1274,,Kochi,2,1
T065456,C1274,112100.0,Delhi,2,1
T037724,C1274,859.0,,2,1
T022562,C1275,,Madurai,2,1
T023592,C1275,,Chennai,2,1
T029392,C1275,4136.0,,2,1
T048648,C1276,1432.0,Madurai,2,1
T055918,C1277,,Mumbai,2,1
T040911,C1277,2299.0,Mumbai,2,1
T022955,C1277,,Kochi,2,1
T043714,C1278,301.0,Delhi,2,1
T043151,C1278,2353.0,Chennai,2,1
T017387,C1279,183938.0,Bangalore,2,1
T048081,C1279,265574.0,Delhi,2,1
T085530,C1279,,Delhi,2,1
T094283,C1279,3265.0,Coimbatore,2,1
T099495,C1279,1177.0,Kochi,3,1
T090321,C1279,,Delhi,2,1
T068100,C1280,2795.0,,2,1
T010300,C1280,,Chennai,2,1
T020230,C1281,2949.0,Chennai,3,1
T015155,C1281,,Delhi,2,1
T032020,C1283,2510.0,Madurai,2,1
T047035,C1283,,Madurai,2,1
T006731,C1284,98277.0,Kochi,2,1
T069081,C1284,3052.0,,2,1
T005458,C1284,,Chennai,2,1
T035809,C1285,279605.0,Madurai,2,1
T040184,C1286,2446.0,,2,1
T069328,C1286,147934.0,Coimbatore,2,1
T064288,C1286,147.0,,2,1
T059764,C1286,216438.0,Coimbatore,2,1
T057100,C1287,,Coimbatore,2,1
T032804,C1287,4157.0,,2,1
T053104,C1287,288919.0,Bangalore,2,1
T040903,C1287,170.0,Kochi,2,1
T025747,C1287,,Mumbai,2,1
T064460,C1288,775.0,,2,1
T014981,C1288,2848.0,Bangalore,2,1
T030915,C1288,,Coimbatore,2,1
T012883,C1289,,Bangalore,2,1
T076910,C1289,,Delhi,2,1
T014371,C1289,1414.0,Mumbai,2,1
T083616,C1289,599.0,Madurai,2,1
T044966,C1289,4530.0,,2,1
T008770,C1290,2935.0,Bangalore,2,1
T086178,C1290,,,2,1
T067828,C1290,,Coimbatore,2,1
T017667,C1290,,Coimbatore,2,1
T094407,C1291,82001.0,Madurai,2,1
T019390,C1291,2326.0,Madurai,2,1
T010369,C1291,3554.0,,2,1
T039141,C1291,4563.0,,2,1
T030275,C1291,1320.0,Kochi,3,1
T017050,C1291,4906.0,Coimbatore,2,1
T073777,C1292,92292.0,Chennai,2,1
T009558,C1292,1097.0,,2,1
T033036,C1292,2187.0,,2,1
T007355,C1292,3556.0,Bangalore,2,1
T092907,C1293,1756.0,Bangalore,2,1
T089333,C1293,,Chennai,2,1
T026083,C1293,,Kochi,2,1
T047854,C1294,4126.0,Madurai,3,1
T099401,C1294,88499.0,,2,1
T023737,C1295,112617.0,Coimbatore,2,1
T096669,C1295,4180.0,Mumbai,3,1
T056976,C1295,,Chennai,2,1
T005972,C1295,,Chennai,2,1
T043117,C1296,3206.0,,2,1
T059200,C1297,,Delhi,2,1
T016243,C1297,417.0,,2,1
T023709,C1297,2462.0,Madurai,2,1
T099982,C1297,268924.0,,2,1
T013575,C1298,2871.0,,2,1
T005231,C1298,,Coimbatore,2,1
T001425,C1298,455.0,Chennai,2,1
T026566,C1299,2521.0,,2,1
T093742,C1299,551.0,Delhi,2,1
T035026,C1299,153160.0,Bangalore,2,1
T085023,C1299,106666.0,Bangalore,2,1
T023035,C1299,,Bangalore,2,1
T087786,C1299,4492.0,Kochi,3,1
T084313,C1299,,Chennai,2,1
T035136,C1300,1690.0,Mumbai,2,1
T002952,C1300,,Coimbatore,2,1
T074254,C1300,1852.0,,2,1
T035433,C1300,,Kochi,2,1
T036467,C1301,,Mumbai,2,1
T071416,C1302,,,2,1
T055838,C1302,1356.0,,2,1
T077235,C1302,,Bangalore,2,1
T089376,C1302,1589.0,,2,1
T026237,C1303,3597.0,Chennai,3,1
T080177,C1303,2203.0,,2,1
T070978,C1303,1613.0,,2,1
T026947,C1304,3969.0,,2,1
T054267,C1304,,Chennai,2,1
T017603,C1304,3245.0,Coimbatore,2,1
T070389,C1305,137469.0,Bangalore,2,1
T004533,C1305,2741.0,,2,1
T059494,C1306,,Bangalore,2,1
T068616,C1307,792.0,Chennai,3,1
T020552,C1307,251894.0,Kochi,2,1
T069120,C1308,,Chennai,2,1
T082173,C1308,274167.0,Coimbatore,2,1
T036496,C1308,,Kochi,2,1
T081512,C1309,2594.0,Delhi,2,1
T075746,C1309,,Bangalore,2,1
T031014,C1309,,Delhi,2,1
T059125,C1309,,Mumbai,2,1
T091702,C1309,200318.0,Madurai,3,1
T039478,C1310,93455.0,Madurai,2,1
T073633,C1310,752.0,Coimbatore,2,1
T077859,C1310,1393.0,Delhi,2,1
T021469,C1310,4308.0,,2,1
T000001,C1311,2520.0,Kochi,2,1
T037857,C1311,1675.0,Coimbatore,2,1
T050985,C1312,4128.0,,2,1
T074932,C1312,,Delhi,2,1
T021133,C1312,2904.0,Coimbatore,2,1
T002124,C1312,94465.0,Delhi,2,1
T013989,C1313,3891.0,Kochi,2,1
T040562,C1314,2302.0,,2,1
T074599,C1314,2254.0,,2,1
T011584,C1314,4952.0,Chennai,2,1
T038013,C1315,731.0,Delhi,2,1
T090542,C1315,,Bangalore,2,1
T064200,C1315,,Delhi,2,1
T056682,C1316,1429.0,Delhi,2,1
T083532,C1316,82.0,,2,1
T031220,C1316,,Mumbai,2,1
T008870,C1317,108217.0,,2,1
T060530,C1317,,Chennai,2,1
T076281,C1317,745.0,,2,1
T011751,C1317,,Mumbai,2,1
T023927,C1317,265095.0,Kochi,2,1
T089229,C1318,1065.0,,2,1
T058894,C1318,,Coimbatore,2,1
T002849,C1319,,Chennai,2,1
T047895,C1319,3827.0,Coimbatore,2,1
T004819,C1319,4070.0,,2,1
T056141,C1319,,Delhi,2,1
T060319,C1319,4826.0,Kochi,3,1
T015744,C1321,,,2,1
T061643,C1321,,Delhi,2,1
T028693,C1321,,Kochi,2,1
T064230,C1322,1661.0,Kochi,2,1
T094577,C1322,,Kochi,2,1
T038877,C1323,,Madurai,2,1
T013414,C1323,3401.0,Mumbai,2,1
T059212,C1323,1309.0,,2,1
T021206,C1323,426.0,,3,1
T064685,C1325,296692.0,,2,1
T096079,C1325,4569.0,Bangalore,2,1
T032825,C1325,4969.0,Mumbai,2,1
T095299,C1325,1405.0,Delhi,2,1
T041602,C1326,3849.0,,2,1
T000871,C1326,,Mumbai,2,1
T053801,C1326,130.0,,2,1
T054763,C1326,,Delhi,2,1
T023676,C1326,15.0,,2,1
T072190,C1326,2691.0,,3,1
T070178,C1327,,Mumbai,2,1
T068611,C1327,,Bangalore,2,1
T032234,C1327,108666.0,Delhi,2,1
T078404,C1329,1914.0,,2,1
T004410,C1329,,Kochi,2,1
T011340,C1329,2175.0,Bangalore,3,1
T082211,C1330,,Coimbatore,2,1
T022479,C1330,254102.0,Mumbai,2,1
T058390,C1330,227040.0,Delhi,2,1
T074311,C1330,3716.0,Mumbai,2,1
T023078,C1330,220864.0,Delhi,2,1
T025043,C1331,4689.0,Bangalore,3,1
T077942,C1331,,Chennai,2,1
T082528,C1331,2853.0,Chennai,2,1
T038191,C1331,227039.0,,2,1
T047173,C1332,2842.0,Bangalore,2,1
T011103,C1332,168320.0,Delhi,2,1
T001524,C1332,,Chennai,2,1
T008258,C1333,185096.0,Madurai,2,1
T034828,C1333,4368.0,,2,1
T025669,C1333,90.0,,3,1
T056967,C1333,,Kochi,2,1
T002335,C1333,4630.0,,3,1
T053464,C1334,3061.0,,2,1
T090493,C1335,164232.0,Delhi,2,1
T079564,C1335,,Delhi,2,1
T091772,C1335,,Madurai,2,1
T016014,C1336,122869.0,Delhi,2,1
T002491,C1336,3879.0,Bangalore,2,1
T019350,C1336,4990.0,Kochi,2,1
T024693,C1336,238816.0,Madurai,2,1
T055238,C1337,1562.0,,2,1
T032658,C1339,1512.0,,2,1
T017390,C1339,,Kochi,2,1
T098840,C1339,1139.0,,2,1
T055451,C1340,157950.0,Mumbai,2,1
T058799,C1340,2606.0,,2,1
T009044,C1341,,Mumbai,2,1
T001861,C1341,276592.0,Bangalore,2,1
T049282,C1342,2277.0,,2,1
T088317,C1343,4461.0,,2,1
T081909,C1343,,Chennai,2,1
T050678,C1343,233770.0,Madurai,2,1
T012429,C1343,3594.0,,2,1
T079207,C1344,4667.0,,2,1
T085936,C1344,196767.0,Kochi,2,1
T019093,C1345,,Bangalore,2,1
T039352,C1345,,Coimbatore,2,1
T087012,C1345,,Madurai,2,1
T002338,C1345,3176.0,,2,1
T050997,C1345,,Chennai,2,1
T005121,C1345,1908.0,,2,1
T074684,C1345,111094.0,Chennai,2,1
T039794,C1346,,Delhi,2,1
T000209,C1347,,Coimbatore,2,1
T096834,C1348,,Chennai,2,1
T061491,C1349,4552.0,,2,1
T099121,C1349,,Delhi,2,1
T055805,C1349,87373.0,Delhi,2,1
T096683,C1351,4149.0,,3,1
T054775,C1351,3099.0,Chennai,2,1
T088175,C1351,,,2,1
T077352,C1351,,Mumbai,2,1
T036827,C1351,144.0,,2,1
T091592,C1352,3609.0,,2,1
T012725,C1352,2836.0,Coimbatore,2,1
T069950,C1352,1127.0,,2,1
T042752,C1352,,Mumbai,2,1
T018535,C1353,,Bangalore,2,1
T057221,C1353,,Delhi,2,1
T022947,C1353,4428.0,,2,1
T079530,C1353,3593.0,,2,1
T047009,C1353,296086.0,Kochi,2,1
T062477,C1354,303.0,,2,1
T074322,C1354,,Madurai,2,1
T023788,C1354,2101.0,,2,1
T017074,C1354,191757.0,Bangalore,2,1
T045441,C1355,1712.0,Madurai,3,1
T093805,C1356,87494.0,Mumbai,2,1
T033070,C1356,,,2,1
T014075,C1356,,Kochi,2,1
T044911,C1357,2530.0,,2,1
T001318,C1357,,Madurai,2,1
T061083,C1358,,Delhi,4,1
T030336,C1358,,Madurai,2,1
T057344,C1358,2402.0,Coimbatore,2,1
T060603,C1358,551.0,Coimbatore,2,1
T036114,C1359,,Mumbai,2,1
T004216,C1359,221255.0,Kochi,2,1
T029690,C1359,4609.0,Kochi,2,1
T032672,C1359,4192.0,Bangalore,2,1
T035848,C1360,3060.0,Delhi,2,1
T015550,C1360,1791.0,Chennai,2,1
T006642,C1361,95553.0,Madurai,2,1
T004741,C1361,136449.0,Bangalore,2,1
T096088,C1361,138972.0,Kochi,3,1
T028564,C1361,,Bangalore,2,1
T050438,C1362,,Coimbatore,2,1
T044716,C1362,90968.0,Kochi,2,1
T029169,C1362,3034.0,,2,1
T067075,C1362,,Kochi,2,1
T076551,C1362,282374.0,Kochi,2,1
T080606,C1363,,Kochi,2,1
T084368,C1364,882.0,Delhi,3,1
T071141,C1364,2403.0,,3,1
T052698,C1365,,Bangalore,2,1
T083903,C1365,,Bangalore,2,1
T078061,C1365,,Kochi,2,1
T082121,C1365,,Chennai,2,1
T061192,C1365,,Delhi,2,1
T067148,C1365,4379.0,,2,1
T031934,C1365,130008.0,Madurai,2,1
T095680,C1366,1787.0,,2,1
T090880,C1366,4656.0,,2,1
T096196,C1366,1063.0,,2,1
T089664,C1367,192689.0,,2,1
T004339,C1367,1889.0,,2,1
T039804,C1367,4481.0,Mumbai,2,1
T071787,C1367,4112.0,Chennai,2,1
T066638,C1368,1446.0,,3,1
T029950,C1369,2098.0,Coimbatore,3,1
T014364,C1369,3142.0,,2,1
T070959,C1369,,Mumbai,2,1
T051075,C1369,2829.0,Kochi,2,1
T057524,C1369,4485.0,,2,1
T036485,C1370,,Madurai,2,1
T040067,C1370,3592.0,,2,1
T011602,C1370,,Mumbai,2,1
T093562,C1370,,Mumbai,2,1
T012445,C1370,274448.0,Delhi,2,1
T053645,C1371,2371.0,,2,1
T075062,C1371,,Delhi,2,1
T034170,C1371,902.0,Kochi,2,1
T055709,C1371,191080.0,Chennai,2,1
T099806,C1371,,Madurai,2,1
T013755,C1371,88951.0,Coimbatore,2,1
T053731,C1371,1815.0,,2,1
T045131,C1372,590.0,,2,1
T035424,C1372,128277.0,Kochi,2,1
T076944,C1372,,Madurai,2,1
T040367,C1373,,Coimbatore,2,1
T028096,C1373,173212.0,Delhi,2,1
T026605,C1373,,Delhi,2,1
T075826,C1373,,Madurai,2,1
T070629,C1374,,Coimbatore,2,1
T005059,C1375,,Kochi,2,1
T087439,C1375,,Chennai,2,1
T003714,C1375,4407.0,,2,1
T080994,C1376,,,2,1
T027965,C1376,,Kochi,2,1
T085442,C1376,,Chennai,2,1
T062908,C1376,1841.0,,2,1
T013086,C1376,206993.0,Chennai,2,1
T055738,C1376,208881.0,,2,1
T086699,C1376,4589.0,Madurai,2,1
T084078,C1377,145229.0,Coimbatore,2,1
T092313,C1377,262422.0,Madurai,2,1
T040522,C1378,,Delhi,2,1
T012711,C1378,,,2,1
T012566,C1378,4058.0,,2,1
T046813,C1379,,Kochi,2,1
T091876,C1380,3909.0,Chennai,2,1
T039932,C1380,,Kochi,2,1
T001166,C1380,542.0,,2,1
T007285,C1380,1066.0,Coimbatore,3,1
T004877,C1380,,Coimbatore,2,1
T015159,C1380,,,2,1
T088187,C1381,,Madurai,2,1
T096503,C1381,3683.0,,2,1
T009101,C1381,3561.0,Bangalore,3,1
T083232,C1381,2512.0,,2,1
T090975,C1381,,Coimbatore,2,1
T039907,C1382,198997.0,Mumbai,2,1
T022605,C1382,,Coimbatore,2,1
T092735,C1383,,Delhi,2,1
T047120,C1383,,Bangalore,2,1
T089560,C1383,1082.0,Bangalore,2,1
T096896,C1383,2961.0,Madurai,3,1
T046964,C1384,206425.0,Chennai,2,1
T001577,C1384,,Coimbatore,2,1
T014663,C1385,757.0,,2,1
T091692,C1385,,Chennai,2,1
T066880,C1387,,Mumbai,2,1
T018112,C1387,,Mumbai,2,1
T043698,C1388,,Coimbatore,2,1
T035299,C1388,,Chennai,2,1
T053544,C1388,4673.0,Chennai,3,1
T096396,C1389,3432.0,,2,1
T048083,C1389,235617.0,Coimbatore,2,1
T095021,C1390,135054.0,Delhi,2,1
T051910,C1390,,Bangalore,2,1
T035254,C1390,,Mumbai,2,1
T023098,C1390,187379.0,Kochi,2,1
T002976,C1391,263280.0,Madurai,2,1
T044614,C1391,2671.0,Madurai,2,1
T091131,C1392,1174.0,Chennai,2,1
T012080,C1392,,Kochi,2,1
T090743,C1393,240165.0,Bangalore,2,1
T040090,C1393,287459.0,Bangalore,2,1
T024701,C1393,3640.0,Coimbatore,2,1
T016311,C1393,,Coimbatore,2,1
T008831,C1394,,Madurai,2,1
T090829,C1394,,Delhi,2,1
T001075,C1394,276889.0,Chennai,2,1
T000539,C1394,4694.0,Kochi,2,1
T058883,C1394,,Chennai,2,1
T080574,C1395,1905.0,Mumbai,2,1
T081545,C1395,4936.0,Madurai,2,1
T002767,C1395,,,2,1
T019349,C1395,189997.0,Coimbatore,2,1
T086529,C1396,,Delhi,2,1
T056800,C1396,,Madurai,2,1
T087362,C1396,219227.0,,2,1
T011709,C1396,,Kochi,2,1
T048241,C1397,1760.0,,2,1
T004676,C1397,1542.0,,2,1
T072501,C1397,213559.0,Delhi,2,1
T070971,C1397,,Madurai,2,1
T052638,C1397,,Bangalore,3,1
T093511,C1397,2691.0,Madurai,3,1
T045556,C1397,179051.0,Kochi,2,1
T016638,C1397,232903.0,Mumbai,2,1
T073411,C1398,,Delhi,2,1
T004334,C1399,1715.0,,3,1
T036735,C1399,211440.0,Madurai,2,1
T039707,C1400,,Delhi,2,1
T025418,C1400,3471.0,Delhi,2,1
T002260,C1400,3928.0,,2,1
T008325,C1400,,Mumbai,2,1
T056131,C1400,2791.0,,2,1
T035725,C1400,2070.0,,2,1
T076301,C1401,,Chennai,2,1
T070025,C1401,283979.0,Kochi,2,1
T009801,C1402,,Bangalore,2,1
T013958,C1403,3849.0,Delhi,3,1
T062299,C1403,,Coimbatore,2,1
T003323,C1403,,Delhi,2,1
T019985,C1403,204108.0,,2,1
T026441,C1404,3140.0,,2,1
T059524,C1404,,Bangalore,2,1
T071661,C1404,105.0,,2,1
T056653,C1404,4666.0,,2,1
T095617,C1404,,Coimbatore,2,1
T014025,C1404,267929.0,Coimbatore,2,1
T048918,C1405,,Chennai,2,1
T043711,C1405,,Bangalore,2,1
T068266,C1407,3754.0,,2,1
T049549,C1407,,Chennai,2,1
T090299,C1408,,Kochi,2,1
T044869,C1408,,Bangalore,2,1
T025394,C1408,,Chennai,2,1
T040731,C1409,3116.0,Chennai,2,1
T010448,C1409,3830.0,,2,1
T071236,C1409,,Mumbai,2,1
T008148,C1409,,Coimbatore,2,1
T028169,C1410,,Coimbatore,2,1
T005751,C1410,,Chennai,2,1
T033215,C1411,,Kochi,2,1
T081349,C1411,185137.0,Madurai,2,1
T052239,C1411,,Chennai,2,1
T037776,C1411,113500.0,Delhi,2,1
T072873,C1412,2114.0,,2,1
T046196,C1413,4426.0,Bangalore,2,1
T068152,C1413,2877.0,Madurai,2,1
T079155,C1413,268.0,,4,1
T027071,C1414,1000.0,,2,1
T060817,C1414,201649.0,Chennai,2,1
T078143,C1414,251774.0,Madurai,2,1
T064272,C1415,,Bangalore,2,1
T033565,C1415,,Bangalore,2,1
T076320,C1415,1825.0,Chennai,3,1
T033175,C1416,85377.0,Bangalore,2,1
T068796,C1416,2791.0,Bangalore,3,1
T081059,C1416,,Kochi,2,1
T097888,C1416,3530.0,Bangalore,2,1
T020848,C1417,215065.0,Mumbai,2,1
T046205,C1417,2858.0,,2,1
T056442,C1417,3781.0,Delhi,2,1
T030538,C1417,,Madurai,2,1
T074420,C1418,,Delhi,2,1
T099411,C1418,482.0,Bangalore,2,1
T096808,C1418,4173.0,,2,1
T098456,C1418,134076.0,Delhi,2,1
T068230,C1418,202080.0,Delhi,2,1
T075233,C1419,1283.0,Coimbatore,2,1
T072454,C1419,3175.0,,2,1
T037432,C1419,,,2,1
T011650,C1420,,Kochi,2,1
T020061,C1420,2795.0,Chennai,2,1
T093982,C1420,,Coimbatore,2,1
T057357,C1420,,Chennai,2,1
T095762,C1420,,Delhi,2,1
T058714,C1421,1634.0,Delhi,2,1
T093957,C1421,294657.0,Mumbai,2,1
T077704,C1421,,Kochi,2,1
T071229,C1421,4964.0,,2,1
T051602,C1421,2510.0,Chennai,2,1
T028650,C1422,,Bangalore,2,1
T088913,C1422,136943.0,,2,1
T037877,C1422,2276.0,Delhi,2,1
T014420,C1423,216807.0,Mumbai,2,1
T099012,C1423,4945.0,,2,1
T039638,C1423,,Madurai,2,1
T023572,C1423,,Madurai,2,1
T037081,C1423,,Coimbatore,2,1
T021334,C1424,2711.0,,2,1
T038938,C1424,289597.0,Delhi,2,1
T098912,C1424,,Mumbai,2,1
T044461,C1424,,Chennai,2,1
T052738,C1425,282855.0,Coimbatore,2,1
T078383,C1425,3965.0,Kochi,2,1
T070086,C1425,1551.0,Kochi,3,1
T066906,C1425,4296.0,,2,1
T072418,C1425,224992.0,Bangalore,2,1
T094195,C1426,3226.0,,2,1
T049742,C1427,,Bangalore,2,1
T070646,C1427,,Coimbatore,2,1
T088363,C1427,,Chennai,2,1
T039333,C1428,161823.0,Mumbai,2,1
T048290,C1429,,Kochi,2,1
T005631,C1429,,Chennai,2,1
T060240,C1429,,Mumbai,2,1
T031175,C1429,,Chennai,2,1
T010641,C1429,,Bangalore,3,1
T026523,C1429,,Delhi,2,1
T054910,C1429,,Chennai,2,1
T024143,C1429,3632.0,Coimbatore,2,1
T015653,C1430,256113.0,,2,1
T034380,C1430,726.0,Coimbatore,2,1
T037465,C1430,,Kochi,2,1
T040201,C1431,128048.0,Delhi,2,1
T001593,C1431,3230.0,,2,1
T057987,C1431,4550.0,Bangalore,2,1
T083813,C1431,1524.0,Mumbai,2,1
T093720,C1432,1216.0,Bangalore,2,1
T025284,C1432,,Coimbatore,2,1
T003847,C1433,,Madurai,2,1
T037306,C1433,1396.0,,2,1
T045623,C1433,,,2,1
T097163,C1434,,Delhi,2,1
T024405,C1435,3046.0,Mumbai,2,1
T097340,C1435,941.0,,2,1
T082151,C1436,,Madurai,2,1
T009191,C1436,193100.0,Chennai,2,1
T089774,C1436,,Coimbatore,2,1
T045557,C1436,,Kochi,2,1
T086073,C1437,,Delhi,2,1
T014655,C1437,1878.0,,2,1
T082826,C1437,,Chennai,2,1
T053389,C1437,99035.0,Mumbai,2,1
T079580,C1437,455.0,,2,1
T043648,C1437,4991.0,,2,1
T027963,C1438,495.0,,2,1
T047887,C1438,98749.0,Coimbatore,2,1
T097508,C1438,1340.0,Bangalore,2,1
T002115,C1438,,Chennai,2,1
T045861,C1439,2369.0,,2,1
T033781,C1439,2271.0,,2,1
T069363,C1439,281575.0,Chennai,2,1
T035745,C1439,,Chennai,2,1
T045092,C1439,271033.0,,4,1
T061254,C1439,4742.0,Kochi,2,1
T099553,C1439,4787.0,,2,1
T033796,C1439,,Madurai,2,1
T056077,C1439,197922.0,Bangalore,2,1
T048259,C1440,,Delhi,2,1
T044313,C1440,253866.0,Kochi,2,1
T081205,C1441,1657.0,,2,1
T008792,C1441,95492.0,Delhi,2,1
T016546,C1441,3473.0,,2,1
T095547,C1441,,Kochi,2,1
T007534,C1442,337.0,,2,1
T092217,C1442,,Bangalore,2,1
T012296,C1442,1512.0,Delhi,2,1
T045620,C1443,1234.0,,2,1
T090349,C1443,1471.0,Kochi,3,1
T012308,C1443,3243.0,Bangalore,2,1
T052612,C1443,,Delhi,2,1
T077309,C1443,283.0,Madurai,2,1
T048618,C1444,88332.0,Madurai,2,1
T068235,C1445,1106.0,Madurai,2,1
T046617,C1445,4175.0,,2,1
T097660,C1446,111.0,Bangalore,2,1
T007329,C1447,2455.0,,2,1
T007665,C1447,216871.0,Chennai,2,1
T041290,C1447,,Mumbai,2,1
T099705,C1448,,Coimbatore,2,1
T062449,C1448,266612.0,Madurai,2,1
T045785,C1448,257466.0,Madurai,2,1
T033635,C1449,,Kochi,2,1
T028709,C1450,4718.0,,2,1
T048742,C1450,,Bangalore,2,1
T013716,C1450,,Delhi,2,1
T050938,C1451,181.0,,2,1
T077192,C1451,2802.0,Chennai,2,1
T043942,C1451,155625.0,Mumbai,2,1
T097158,C1451,4352.0,,2,1
T067480,C1451,3964.0,,2,1
T044604,C1451,,Delhi,2,1
T050457,C1452,,Bangalore,2,1
T033266,C1452,,Mumbai,2,1
T098165,C1452,,Chennai,2,1
T009305,C1453,,Coimbatore,2,1
T078068,C1453,,Delhi,2,1
T095158,C1453,4273.0,Delhi,2,1
T016231,C1454,87974.0,Madurai,2,1
T010159,C1454,,Mumbai,2,1
T022776,C1454,,Madurai,2,1
T042420,C1454,,Kochi,2,1
T056425,C1454,,Coimbatore,2,1
T019330,C1454,,Bangalore,2,1
T052760,C1454,1535.0,Kochi,2,1
T040722,C1454,1914.0,Chennai,2,1
T087862,C1454,4347.0,,2,1
T066815,C1455,,Chennai,2,1
T091634,C1455,3756.0,Madurai,2,1
T049459,C1455,,Bangalore,2,1
T086279,C1455,1918.0,,2,1
T086423,C1455,495.0,Mumbai,2,1
T076695,C1456,,Bangalore,2,1
T060001,C1456,1391.0,,2,1
T027104,C1456,4451.0,Coimbatore,3,1
T068219,C1457,2052.0,,2,1
T085390,C1457,,Kochi,2,1
T027363,C1457,410.0,,2,1
T051151,C1457,159248.0,,2,1
T092812,C1458,3860.0,,2,1
T080807,C1458,4842.0,,2,1
T067283,C1458,,Mumbai,2,1
T046427,C1459,743.0,,2,1
T071041,C1460,2939.0,Delhi,3,1
T039948,C1460,,Mumbai,2,1
T040639,C1461,,Madurai,2,1
T029569,C1461,,Bangalore,2,1
T069986,C1461,,Bangalore,2,1
T086342,C1461,817.0,,2,1
T024411,C1462,85892.0,Chennai,2,1
T002939,C1462,,Mumbai,2,1
T033455,C1462,4585.0,Delhi,2,1
T036786,C1462,280154.0,,3,1
T080611,C1462,279157.0,,2,1
T024344,C1462,246482.0,Delhi,2,1
T059019,C1462,2524.0,Coimbatore,2,1
T021684,C1462,1478.0,Madurai,3,1
T084292,C1463,2623.0,,2,1
T004813,C1463,3119.0,,2,1
T052399,C1463,,Delhi,2,1
T000915,C1463,,Mumbai,2,1
T040325,C1464,137108.0,Madurai,2,1
T013826,C1464,,Mumbai,2,1
T013097,C1464,3871.0,Kochi,2,1
T087663,C1464,1656.0,,2,1
T074352,C1464,156870.0,Coimbatore,2,1
T071137,C1464,,Chennai,2,1
T085892,C1465,,Mumbai,2,1
T050857,C1465,,Madurai,2,1
T000927,C1465,271026.0,Madurai,2,1
T068272,C1465,3031.0,,2,1
T049394,C1465,,Mumbai,2,1
T054786,C1466,,Madurai,2,1
T059435,C1466,,Coimbatore,2,1
T070860,C1466,3530.0,Kochi,3,1
T081899,C1466,175.0,,2,1
T016662,C1466,1648.0,,2,1
T013241,C1467,3208.0,,2,1
T029408,C1467,,Madurai,2,1
T026506,C1468,4767.0,Madurai,2,1
T068721,C1468,,Kochi,2,1
T090473,C1468,1018.0,Delhi,2,1
T021430,C1469,4151.0,Coimbatore,2,1
T023162,C1469,,Kochi,2,1
T055201,C1469,237533.0,Coimbatore,2,1
T030886,C1469,291166.0,,2,1
T041122,C1470,240109.0,Kochi,2,1
T081271,C1471,3391.0,,2,1
T024668,C1471,,Mumbai,2,1
T043008,C1472,4655.0,Coimbatore,2,1
T077678,C1473,3880.0,Madurai,2,1
T083305,C1474,4126.0,,2,1
T012890,C1475,865.0,Coimbatore,2,1
T074069,C1475,,Mumbai,2,1
T077109,C1475,305.0,,2,1
T060613,C1475,4725.0,,2,1
T047603,C1475,172682.0,Madurai,2,1
T096413,C1476,2205.0,,2,1
T047536,C1476,212496.0,Kochi,2,1
T086290,C1477,3525.0,Chennai,2,1
T094627,C1477,200521.0,Coimbatore,2,1
T054986,C1478,,Mumbai,2,1
T099910,C1478,2387.0,Madurai,2,1
T008910,C1478,425.0,,2,1
T096430,C1478,207050.0,Delhi,2,1
T009695,C1478,,Mumbai,3,1
T089812,C1478,4852.0,,2,1
T076270,C1479,1837.0,Delhi,3,1
T043319,C1479,,Bangalore,2,1
T004867,C1480,,Chennai,2,1
T098463,C1480,,Chennai,2,1
T009646,C1481,295.0,Bangalore,2,1
T084651,C1481,,Kochi,2,1
T027537,C1482,226738.0,Chennai,2,1
T089547,C1482,2069.0,,2,1
T045856,C1483,,Kochi,2,1
T049674,C1483,21.0,Bangalore,2,1
T037062,C1484,4218.0,Chennai,2,1
T064113,C1484,2905.0,,3,1
T059987,C1484,80919.0,Chennai,2,1
T050137,C1484,,Delhi,2,1
T013439,C1484,4593.0,Mumbai,2,1
T086098,C1485,93813.0,Chennai,2,1
T090821,C1485,,Mumbai,2,1
T007302,C1485,219272.0,Delhi,2,1
T042351,C1485,138631.0,Bangalore,2,1
T084614,C1485,,Bangalore,2,1
T065222,C1485,229623.0,Delhi,2,1
T015738,C1486,3783.0,,2,1
T085895,C1486,,Delhi,2,1
T088212,C1487,4148.0,,2,1
T009292,C1487,,Bangalore,2,1
T082825,C1487,,Chennai,2,1
T056516,C1488,3102.0,Mumbai,2,1
T047994,C1489,220905.0,Bangalore,2,1
T051537,C1489,1423.0,,2,1
T080922,C1489,,Kochi,2,1
T070534,C1489,213168.0,Bangalore,2,1
T000184,C1489,3074.0,,2,1
T023782,C1490,213696.0,Kochi,2,1
T004988,C1490,3322.0,Mumbai,2,1
T013646,C1490,,Chennai,2,1
T096219,C1490,267563.0,Madurai,2,1
T081658,C1491,163.0,,2,1
T016354,C1491,125173.0,Coimbatore,2,1
T014823,C1491,,Chennai,2,1
T002788,C1491,,Madurai,2,1
T058549,C1491,,Bangalore,2,1
T015621,C1491,219430.0,,3,1
T020069,C1492,4500.0,Mumbai,2,1
T000471,C1492,321.0,,2,1
T035763,C1492,1100.0,,2,1
T038341,C1492,,Mumbai,2,1
T035758,C1492,,Coimbatore,2,1
T085419,C1493,2983.0,,2,1
T093753,C1493,280480.0,Chennai,2,1
T053569,C1493,221723.0,Mumbai,2,1
T091418,C1494,170038.0,Mumbai,2,1
T066504,C1494,232375.0,Kochi,2,1
T023385,C1494,209129.0,Bangalore,2,1
T074835,C1495,233660.0,Coimbatore,2,1
T012041,C1495,,Coimbatore,2,1
T077673,C1495,,Chennai,2,1
T073965,C1495,733.0,Mumbai,2,1
T038619,C1495,3958.0,,2,1
T008011,C1495,203859.0,Madurai,2,1
T067028,C1496,2130.0,,2,1
T098548,C1496,1436.0,,3,1
T061005,C1496,,Delhi,2,1
T030120,C1497,3315.0,,2,1
T073046,C1497,3430.0,,2,1
T010017,C1497,,Chennai,2,1
T071360,C1497,292527.0,Mumbai,2,1
T034589,C1497,2465.0,Bangalore,3,1
T072955,C1498,,Mumbai,2,1
T056099,C1498,4655.0,Coimbatore,2,1
T018066,C1498,229083.0,Delhi,2,1
T053512,C1499,1580.0,Coimbatore,2,1
T095058,C1500,236559.0,Kochi,2,1
T064100,C1500,,Kochi,2,1
T032859,C1501,3216.0,,2,1
T086375,C1501,3620.0,,2,1
T044083,C1501,2136.0,Chennai,2,1
T063957,C1502,4540.0,Madurai,2,1
T010793,C1503,3611.0,,2,1
T017189,C1503,,Madurai,2,1
T061079,C1503,228910.0,Bangalore,2,1
T076585,C1503,1252.0,Mumbai,2,1
T071707,C1504,2430.0,,2,1
T004629,C1504,139181.0,Madurai,2,1
T085994,C1504,2879.0,,2,1
T013835,C1505,,Madurai,2,1
T031608,C1505,252548.0,Coimbatore,2,1
T017590,C1505,4846.0,Delhi,2,1
T059932,C1505,,Chennai,2,1
T089724,C1505,4592.0,,2,1
T078842,C1505,3851.0,Coimbatore,2,1
T080105,C1505,3354.0,Delhi,2,1
T034729,C1506,238005.0,Chennai,2,1
T009052,C1506,832.0,Kochi,2,1
T022505,C1507,642.0,,2,1
T082221,C1507,,Madurai,2,1
T058659,C1507,,Coimbatore,2,1
T096557,C1507,1226.0,,2,1
T060228,C1508,4044.0,Madurai,3,1
T087008,C1508,,Madurai,2,1
T077515,C1508,1377.0,Delhi,2,1
T008632,C1508,,Chennai,2,1
T031662,C1508,220410.0,Kochi,2,1
T013893,C1509,,Mumbai,2,1
T036653,C1509,100051.0,Kochi,2,1
T034240,C1509,,Chennai,2,1
T000567,C1510,3505.0,,2,1
T093947,C1510,2230.0,,2,1
T033285,C1510,564.0,Mumbai,2,1
T046001,C1511,4221.0,Delhi,2,1
T047896,C1511,,Chennai,2,1
T001052,C1511,737.0,,2,1
T056785,C1511,4238.0,Madurai,3,1
T007740,C1512,,Chennai,2,1
T099931,C1512,2955.0,Mumbai,2,1
T002349,C1512,,Delhi,2,1
T069710,C1512,493.0,Chennai,2,1
T083512,C1512,,Delhi,2,1
T048261,C1513,,Kochi,3,1
T058120,C1513,,Bangalore,3,1
T094562,C1515,1105.0,Mumbai,2,1
T016474,C1515,3534.0,,2,1
T029632,C1516,,Bangalore,2,1
T085566,C1516,746.0,,2,1
T078348,C1516,,Chennai,2,1
T050239,C1517,,Coimbatore,2,1
T060101,C1517,160875.0,Delhi,2,1
T080126,C1518,4764.0,,2,1
T060186,C1518,1576.0,Madurai,2,1
T085162,C1518,,Kochi,2,1
T055339,C1518,4565.0,Kochi,2,1
T091244,C1518,127.0,Madurai,3,1
T086441,C1519,,Madurai,2,1
T064202,C1519,260.0,Chennai,3,1
T096615,C1520,3663.0,Mumbai,2,1
T019046,C1520,,Delhi,2,1
T007529,C1520,,Chennai,2,1
T089056,C1521,,Mumbai,2,1
T059188,C1521,,Coimbatore,2,1
T064559,C1521,456.0,,2,1
T025021,C1521,258.0,,2,1
T067269,C1521,4213.0,Madurai,3,1
T087639,C1522,,Madurai,2,1
T017467,C1522,,Coimbatore,2,1
T026501,C1522,4926.0,,2,1
T036642,C1522,4165.0,Madurai,2,1
T059387,C1522,,Bangalore,2,1
T047119,C1523,188422.0,Mumbai,2,1
T033825,C1523,1544.0,,2,1
T066694,C1523,1405.0,Bangalore,2,1
T000419,C1524,,Bangalore,2,1
T010862,C1524,2066.0,Kochi,2,1
T050637,C1525,,Delhi,2,1
T095863,C1526,,Bangalore,2,1
T038685,C1526,,Madurai,2,1
T090192,C1526,3743.0,Madurai,2,1
T095980,C1527,1473.0,Madurai,2,1
T034762,C1527,94667.0,Chennai,2,1
T095402,C1527,1843.0,,2,1
T013597,C1527,1802.0,,2,1
T077672,C1528,4542.0,Bangalore,2,1
T068001,C1529,236707.0,Coimbatore,2,1
T071241,C1529,1272.0,,2,1
T002899,C1531,4480.0,Bangalore,3,1
T002367,C1532,248981.0,Delhi,2,1
T088032,C1532,,Delhi,2,1
T090318,C1532,99757.0,Kochi,2,1
T002357,C1533,,Kochi,2,1
T078986,C1533,,Delhi,2,1
T000573,C1533,3395.0,Chennai,2,1
T035933,C1535,2778.0,,2,1
T083394,C1536,,Madurai,2,1
T055631,C1537,247940.0,Madurai,2,1
T035684,C1538,,Bangalore,2,1
T020858,C1538,2234.0,,2,1
T002789,C1538,,Kochi,2,1
T014814,C1538,159132.0,Mumbai,2,1
T072931,C1539,134911.0,Delhi,2,1
T024153,C1539,,Madurai,2,1
T097465,C1540,4138.0,Coimbatore,2,1
T027680,C1540,2455.0,Chennai,2,1
T094135,C1541,,Bangalore,2,1
T060174,C1541,3358.0,Coimbatore,3,1
T032512,C1541,,Madurai,2,1
T002088,C1541,93313.0,Delhi,2,1
T057254,C1541,,Kochi,2,1
T095486,C1541,1261.0,Delhi,3,1
T046889,C1542,743.0,,2,1
T065765,C1542,2721.0,Delhi,2,1
T062445,C1542,,Mumbai,2,1
T080381,C1542,1751.0,,2,1
T068681,C1542,,Madurai,2,1
T058570,C1543,2613.0,Coimbatore,2,1
T027194,C1543,,Coimbatore,2,1
T032911,C1545,,Kochi,2,1
T055793,C1545,3341.0,Chennai,2,1
T071957,C1545,4476.0,,2,1
T076262,C1546,,Kochi,2,1
T027701,C1547,3129.0,,2,1
T003066,C1548,4798.0,,2,1
T034198,C1548,662.0,,2,1
T048717,C1549,1658.0,Bangalore,2,1
T014604,C1549,815.0,,2,1
T034613,C1549,118812.0,Madurai,2,1
T002477,C1549,1939.0,Delhi,2,1
T096558,C1549,,Delhi,2,1
T057955,C1550,2288.0,Mumbai,3,1
T047966,C1550,354.0,,2,1
T048662,C1550,2859.0,Chennai,2,1
T000233,C1550,655.0,,2,1
T035418,C1551,,Kochi,2,1
T053161,C1551,235012.0,Mumbai,2,1
T089336,C1551,2537.0,Bangalore,2,1
T082163,C1551,,Coimbatore,2,1
T024181,C1552,,Chennai,2,1
T072446,C1552,,Madurai,3,1
T099597,C1552,665.0,Delhi,2,1
T013770,C1552,,Mumbai,2,1
T048221,C1552,,Bangalore,2,1
T009613,C1554,2709.0,Coimbatore,2,1
T034147,C1554,,Delhi,2,1
T083887,C1554,2603.0,,2,1
T049194,C1554,117.0,Bangalore,2,1
T093336,C1554,,Coimbatore,2,1
T015318,C1554,,Chennai,2,1
T025708,C1554,214176.0,Bangalore,2,1
T087455,C1555,,,2,1
T047547,C1555,,Kochi,2,1
T041320,C1556,,Delhi,2,1
T051623,C1556,467.0,,2,1
T033397,C1556,4884.0,Delhi,2,1
T056154,C1557,,Bangalore,2,1
T011716,C1557,,Bangalore,2,1
T023427,C1557,145322.0,,2,1
T071435,C1557,,Bangalore,2,1
T076809,C1558,258916.0,Bangalore,2,1
T005253,C1558,600.0,Madurai,2,1
T079369,C1558,212161.0,Bangalore,2,1
T030189,C1558,109947.0,Delhi,2,1
T073233,C1559,94779.0,Mumbai,2,1
T087978,C1559,123974.0,Chennai,2,1
T050551,C1559,,Coimbatore,2,1
T089806,C1559,99370.0,Mumbai,2,1
T081333,C1559,,Mumbai,2,1
T059530,C1559,162.0,,2,1
T029918,C1559,248397.0,Madurai,2,1
T008183,C1560,1898.0,Bangalore,2,1
T020373,C1560,4917.0,Chennai,2,1
T036000,C1560,2108.0,,2,1
T023027,C1560,585.0,Bangalore,2,1
T019339,C1560,4194.0,,2,1
T017534,C1561,1161.0,,2,1
T080894,C1561,,Mumbai,2,1
T043103,C1561,1456.0,,2,1
T074081,C1562,486.0,,2,1
T066826,C1562,,Delhi,2,1
T080884,C1562,,Delhi,2,1
T095998,C1562,,Kochi,2,1
T003392,C1562,2296.0,,2,1
T031058,C1563,,Chennai,2,1
T051650,C1563,222873.0,Chennai,2,1
T059779,C1563,679.0,,2,1
T010825,C1564,,Mumbai,2,1
T061016,C1565,,Mumbai,2,1
T047997,C1566,4135.0,,2,1
T093378,C1566,110699.0,Kochi,2,1
T031936,C1566,3019.0,Bangalore,3,1
T077254,C1566,260820.0,Coimbatore,3,1
T041431,C1566,108514.0,Coimbatore,2,1
T058450,C1567,,Bangalore,2,1
T048127,C1567,1199.0,Chennai,2,1
T035595,C1567,224621.0,Delhi,2,1
T097857,C1567,310.0,Kochi,2,1
T021309,C1568,,Coimbatore,2,1
T069382,C1568,,Coimbatore,2,1
T011529,C1568,,Kochi,2,1
T017713,C1569,,Coimbatore,2,1
T051572,C1569,1339.0,,2,1
T023900,C1570,,Chennai,2,1
T019209,C1570,,Kochi,2,1
T053609,C1570,2914.0,Mumbai,2,1
T011643,C1571,414.0,Chennai,2,1
T099094,C1571,,Delhi,2,1
T033089,C1571,488.0,Coimbatore,2,1
T058850,C1571,2026.0,,2,1
T074505,C1571,4109.0,Kochi,2,1
T016276,C1572,658.0,Mumbai,3,1
T023576,C1572,,Bangalore,2,1
T079114,C1572,3609.0,Coimbatore,2,1
T082215,C1573,,Madurai,2,1
T058333,C1573,,Mumbai,2,1
T063541,C1573,264583.0,Mumbai,2,1
T007148,C1573,4759.0,,2,1
T091299,C1574,3132.0,,2,1
T083851,C1575,4921.0,,2,1
T090122,C1575,,Chennai,2,1
T027295,C1575,,Chennai,2,1
T018139,C1575,3106.0,,2,1
T009827,C1576,,Madurai,2,1
T051259,C1577,103210.0,Chennai,2,1
T003929,C1577,4849.0,,2,1
T082684,C1577,,Madurai,2,1
T019110,C1578,175016.0,,3,1
T013699,C1579,186817.0,Mumbai,2,1
T093723,C1579,156572.0,,2,1
T082867,C1580,105765.0,Chennai,2,1
T040699,C1581,,Delhi,2,1
T017264,C1581,,Bangalore,2,1
T041287,C1581,1539.0,,2,1
T033514,C1581,273167.0,Madurai,2,1
T078979,C1581,3154.0,,2,1
T043475,C1582,,Kochi,2,1
T076330,C1582,191311.0,Kochi,2,1
T065070,C1583,3256.0,Coimbatore,2,1
T051295,C1583,2621.0,,2,1
T050986,C1583,4294.0,Madurai,2,1
T062542,C1583,,Mumbai,2,1
T041293,C1584,659.0,Coimbatore,2,1
T054244,C1584,182.0,Kochi,2,1
T024894,C1584,2204.0,Coimbatore,3,1
T077995,C1584,1938.0,,2,1
T040191,C1584,2452.0,,2,1
T026646,C1584,,Chennai,2,1
T081634,C1585,863.0,,2,1
T092320,C1586,4146.0,Mumbai,3,1
T080526,C1586,469.0,,2,1
T017992,C1586,,Mumbai,2,1
T043666,C1586,251.0,,2,1
T048085,C1586,,Kochi,2,1
T018737,C1587,2257.0,,2,1
T026079,C1587,,Mumbai,2,1
T032954,C1587,4228.0,Kochi,2,1
T019281,C1587,3321.0,,2,1
T007609,C1588,67.0,,2,1
T019834,C1588,,Chennai,2,1
T076107,C1588,,Coimbatore,4,1
T063317,C1589,1269.0,Kochi,2,1
T053602,C1590,2700.0,,2,1
T080372,C1590,1985.0,,2,1
T015580,C1590,3507.0,Kochi,2,1
T041741,C1591,,Bangalore,2,1
T034956,C1591,,Madurai,2,1
T005847,C1592,,Bangalore,2,1
T030749,C1592,1445.0,Madurai,3,1
T017128,C1592,,Madurai,2,1
T026164,C1592,163216.0,Delhi,2,1
T026480,C1593,,Madurai,2,1
T001054,C1593,126114.0,Kochi,2,1
T002322,C1594,3069.0,Coimbatore,2,1
T097816,C1594,4813.0,Chennai,2,1
T044050,C1594,2927.0,Chennai,3,1
T050980,C1594,2779.0,Bangalore,2,1
T079767,C1595,,Coimbatore,2,1
T067174,C1595,139598.0,Madurai,2,1
T018389,C1596,,Madurai,2,1
T028809,C1596,,Mumbai,2,1
T020363,C1596,266862.0,Kochi,2,1
T081762,C1596,2133.0,,2,1
T062728,C1596,,Coimbatore,2,1
T042866,C1596,2301.0,,2,1
T038596,C1597,101537.0,Bangalore,2,1
T058156,C1597,,Bangalore,3,1
T066210,C1597,,Kochi,2,1
T020406,C1598,,Bangalore,2,1
T020844,C1598,,Mumbai,2,1
T028362,C1598,1204.0,Chennai,2,1
T047245,C1598,2084.0,Chennai,2,1
T069934,C1599,454.0,,2,1
T043697,C1599,2642.0,Madurai,2,1
T004253,C1599,,Mumbai,2,1
T052650,C1599,,Mumbai,2,1
T013249,C1600,176835.0,Delhi,2,1
T091289,C1600,,Mumbai,2,1
T032448,C1600,2442.0,,2,1
T039131,C1601,159063.0,Chennai,2,1
T068344,C1601,242268.0,Mumbai,2,1
T070652,C1601,4652.0,Chennai,2,1
T045506,C1602,,Madurai,2,1
T041011,C1602,4487.0,,2,1
T008022,C1603,,Delhi,2,1
T035554,C1603,213509.0,Delhi,2,1
T018376,C1604,247132.0,Madurai,2,1
T053163,C1604,96978.0,Coimbatore,2,1
T065166,C1604,90797.0,Mumbai,2,1
T017811,C1604,,Coimbatore,2,1
T018871,C1605,703.0,,2,1
T004816,C1605,,Delhi,2,1
T004269,C1605,4110.0,Mumbai,2,1
T092516,C1605,240177.0,Kochi,2,1
T081163,C1605,4574.0,Kochi,2,1
T040023,C1606,,Delhi,2,1
T072599,C1606,,Chennai,2,1
T076294,C1606,,Chennai,2,1
T041158,C1606,193202.0,Coimbatore,2,1
T098574,C1606,1234.0,,2,1
T053017,C1607,1791.0,Chennai,2,1
T063183,C1607,121112.0,Coimbatore,2,1
T059402,C1607,984.0,Mumbai,2,1
T016785,C1607,259202.0,Coimbatore,2,1
T010729,C1608,,Delhi,2,1
T029501,C1608,289671.0,Coimbatore,2,1
T085714,C1608,,Mumbai,2,1
T087144,C1608,269571.0,,2,1
T086935,C1609,2196.0,Kochi,2,1
T007164,C1609,109977.0,,2,1
T016858,C1610,,Delhi,2,1
T089562,C1610,,Bangalore,2,1
T064231,C1611,499.0,,2,1
T067573,C1611,,Kochi,2,1
T039317,C1612,,Mumbai,2,1
T075258,C1612,559.0,,2,1
T092228,C1612,266963.0,Madurai,2,1
T066026,C1612,2824.0,,2,1
T067276,C1615,1379.0,,2,1
T081964,C1615,2564.0,,2,1
T027762,C1615,436.0,,2,1
T003758,C1615,4843.0,,2,1
T001728,C1616,2979.0,,2,1
T001763,C1616,,Bangalore,2,1
T021880,C1617,231606.0,Kochi,2,1
T047063,C1618,,Coimbatore,2,1
T067645,C1618,299700.0,Mumbai,2,1
T062848,C1618,,Madurai,2,1
T006112,C1618,643.0,Bangalore,2,1
T021040,C1618,4101.0,,2,1
T057652,C1618,401.0,,2,1
T038649,C1618,2441.0,,2,1
T077354,C1619,3083.0,Madurai,2,1
T091595,C1619,,Coimbatore,2,1
T073001,C1619,169936.0,Bangalore,2,1
T062987,C1619,4047.0,,2,1
T040019,C1621,430.0,,2,1
T046447,C1621,403.0,Mumbai,2,1
T034239,C1622,139483.0,Madurai,2,1
T014271,C1622,,Chennai,2,1
T053687,C1623,,Chennai,2,1
T080297,C1623,770.0,Bangalore,2,1
T036326,C1623,,Bangalore,2,1
T017269,C1623,,,2,1
T001945,C1624,,Madurai,2,1
T038902,C1624,,Delhi,2,1
T050979,C1624,,Madurai,2,1
T044424,C1625,150022.0,Delhi,2,1
T006708,C1626,,Kochi,2,1
T057917,C1626,174311.0,Kochi,2,1
T023112,C1626,3396.0,Chennai,2,1
T010882,C1626,,Mumbai,2,1
T080742,C1626,,Madurai,2,1
T085067,C1626,4990.0,,2,1
T089432,C1626,2393.0,,2,1
T035561,C1627,,Bangalore,2,1
T056572,C1627,298180.0,Delhi,2,1
T086306,C1627,2983.0,,2,1
T057294,C1628,,Kochi,2,1
T030521,C1628,,Delhi,2,1
T011280,C1628,,Bangalore,3,1
T021725,C1628,,Coimbatore,2,1
T000265,C1628,,Madurai,2,1
T077727,C1628,2790.0,,2,1
T037557,C1629,,Mumbai,2,1
T082032,C1629,1555.0,,2,1
T076557,C1629,,Mumbai,2,1
T020367,C1629,,Madurai,2,1
T070546,C1629,,Delhi,2,1
T047744,C1630,,Delhi,2,1
T057699,C1631,,Bangalore,2,1
T019722,C1631,,Mumbai,2,1
T007664,C1631,,Kochi,2,1
T049166,C1633,,Kochi,2,1
T051155,C1633,2957.0,,2,1
T084380,C1633,172195.0,Mumbai,2,1
T089786,C1633,,Chennai,2,1
T008990,C1634,4358.0,Coimbatore,3,1
T025532,C1634,,Bangalore,2,1
T036608,C1634,,Madurai,2,1
T068164,C1634,90742.0,Chennai,2,1
T091231,C1635,938.0,Mumbai,2,1
T096359,C1635,118777.0,Kochi,2,1
T035707,C1635,367.0,,2,1
T016191,C1635,,Delhi,2,1
T013925,C1636,2625.0,Delhi,2,1
T032988,C1636,4547.0,,2,1
T088109,C1636,,Kochi,3,1
T037621,C1637,2464.0,Kochi,2,1
T024163,C1638,2655.0,Mumbai,3,1
T059153,C1639,4931.0,Coimbatore,2,1
T065699,C1639,,Mumbai,2,1
T048432,C1639,4260.0,Kochi,2,1
T097272,C1640,,Delhi,2,1
T044671,C1640,271378.0,,2,1
T013509,C1640,,Madurai,2,1
T053061,C1640,88776.0,Chennai,2,1
T080693,C1640,2670.0,,2,1
T033408,C1641,4105.0,,2,1
T069206,C1642,,Coimbatore,2,1
T039548,C1642,,Coimbatore,2,1
T094907,C1642,,Chennai,2,1
T093597,C1643,2282.0,,3,1
T088313,C1643,900.0,Coimbatore,2,1
T079373,C1643,1667.0,Delhi,2,1
T046496,C1644,3845.0,Madurai,2,1
T059889,C1644,,Delhi,2,1
T074972,C1644,3460.0,,2,1
T096414,C1644,4372.0,,2,1
T085576,C1645,3068.0,Madurai,2,1
T045375,C1645,2392.0,Kochi,2,1
T082577,C1646,3345.0,Delhi,3,1
T007332,C1646,111864.0,Bangalore,2,1
T004463,C1647,3477.0,,2,1
T080125,C1648,126123.0,,2,1
T046280,C1649,,Madurai,2,1
T055666,C1649,106775.0,Kochi,2,1
T088330,C1650,,Delhi,2,1
T057466,C1650,,Bangalore,2,1
T057885,C1650,86284.0,Madurai,2,1
T019568,C1650,,Kochi,2,1
T032233,C1651,4321.0,,2,1
T030444,C1651,95525.0,Delhi,2,1
T027406,C1651,,Delhi,2,1
T016837,C1652,4882.0,,2,1
T000005,C1652,,Madurai,2,1
T045307,C1652,,Chennai,2,1
T055401,C1653,1643.0,Madurai,3,1
T086215,C1653,,Delhi,2,1
T025666,C1653,176678.0,Coimbatore,2,1
T068066,C1653,433.0,Mumbai,2,1
T088132,C1654,3822.0,,2,1
T030598,C1654,,Coimbatore,2,1
T064972,C1654,,Delhi,2,1
T037712,C1654,450.0,Coimbatore,2,1
T071662,C1654,150795.0,Bangalore,2,1
T094663,C1655,4965.0,Mumbai,2,1
T050540,C1655,,Bangalore,2,1
T077246,C1655,296393.0,Coimbatore,2,1
T066668,C1657,,Mumbai,2,1
T036817,C1657,4162.0,,2,1
T059858,C1658,1083.0,Delhi,2,1
T027617,C1658,,Kochi,3,1
T062837,C1658,4796.0,,2,1
T035347,C1658,,Bangalore,2,1
T031296,C1659,,Coimbatore,2,1
T003987,C1659,305.0,Delhi,2,1
T044458,C1660,253542.0,Chennai,2,1
T062313,C1660,99266.0,Bangalore,2,1
T038746,C1660,,Mumbai,2,1
T073983,C1661,1208.0,,2,1
T060257,C1661,260462.0,Coimbatore,2,1
T062889,C1661,,Bangalore,2,1
T039002,C1661,,Chennai,2,1
T033661,C1661,,Delhi,2,1
T036289,C1661,3758.0,Madurai,3,1
T095209,C1662,,Coimbatore,2,1
T084423,C1662,181982.0,Bangalore,2,1
T041755,C1662,3699.0,,2,1
T064083,C1662,1620.0,Bangalore,3,1
T050688,C1662,207.0,Chennai,3,1
T050431,C1662,,Bangalore,2,1
T040272,C1663,,Kochi,2,1
T080042,C1664,,Chennai,2,1
T046193,C1664,96005.0,,2,1
T009446,C1664,239936.0,Madurai,2,1
T018655,C1664,3726.0,,2,1
T047602,C1664,202928.0,Kochi,2,1
T005774,C1665,4156.0,,2,1
T084563,C1665,234305.0,Kochi,2,1
T073212,C1665,160307.0,Mumbai,2,1
T068653,C1666,,Delhi,2,1
T001799,C1667,615.0,Madurai,3,1
T036148,C1667,4790.0,,2,1
T066492,C1667,213660.0,Coimbatore,2,1
T004757,C1669,,Bangalore,2,1
T014199,C1669,500.0,,2,1
T012398,C1669,236956.0,Delhi,2,1
T080277,C1669,83252.0,,2,1
T006944,C1669,155200.0,Madurai,2,1
T064464,C1669,162441.0,Mumbai,2,1
T049379,C1670,,Coimbatore,2,1
T012583,C1671,383.0,,2,1
T028961,C1671,3678.0,Coimbatore,2,1
T004995,C1671,2377.0,,2,1
T051867,C1671,1219.0,Chennai,3,1
T009457,C1671,1477.0,Kochi,3,1
T070851,C1672,,Chennai,2,1
T052257,C1672,4834.0,,2,1
T082073,C1672,,Coimbatore,2,1
T080156,C1673,152257.0,Bangalore,2,1
T095068,C1673,3872.0,,2,1
T099585,C1673,3631.0,Coimbatore,3,1
T007774,C1673,3588.0,,2,1
T054928,C1673,91304.0,Coimbatore,2,1
T078032,C1674,3045.0,Madurai,2,1
T051023,C1674,242.0,,2,1
T093565,C1675,1805.0,Bangalore,2,1
T095588,C1675,,Madurai,2,1
T012098,C1675,,Bangalore,2,1
T035659,C1675,141738.0,Delhi,2,1
T011067,C1676,3814.0,,2,1
T037470,C1676,,,2,1
T080390,C1677,1363.0,Madurai,2,1
T090769,C1677,,Mumbai,2,1
T007791,C1678,1662.0,,2,1
T029336,C1678,,Delhi,2,1
T008063,C1678,929.0,Delhi,2,1
T060797,C1679,3471.0,Kochi,2,1
T051164,C1679,,Madurai,2,1
T022325,C1679,,Bangalore,2,1
T089677,C1679,1189.0,,2,1
T019838,C1679,,Madurai,2,1
T066153,C1680,797.0,Mumbai,3,1
T068899,C1681,293385.0,Madurai,2,1
T000812,C1681,,Kochi,2,1
T014231,C1682,,Delhi,2,1
T084389,C1683,4655.0,,2,1
T015685,C1683,,Kochi,2,1
T044032,C1684,654.0,,3,1
T055946,C1684,909.0,,2,1
T014920,C1684,2287.0,,2,1
T080222,C1685,3292.0,Kochi,2,1
T016671,C1685,,Bangalore,2,1
T075151,C1685,,Madurai,2,1
T007538,C1686,3851.0,Bangalore,2,1
T097417,C1686,1500.0,Delhi,2,1
T025470,C1686,108694.0,Mumbai,2,1
T033381,C1686,4473.0,Madurai,2,1
T005247,C1687,4677.0,,2,1
T051682,C1687,114395.0,Delhi,2,1
T005148,C1687,,Bangalore,2,1
T041059,C1687,,Chennai,2,1
T049717,C1688,1960.0,,2,1
T043350,C1688,,Kochi,2,1
T095194,C1688,3963.0,,2,1
T016000,C1689,4467.0,Coimbatore,2,1
T083419,C1689,4382.0,,2,1
T091996,C1690,1474.0,,2,1
T045352,C1690,1575.0,,2,1
T029416,C1690,,Coimbatore,2,1
T057467,C1690,,Mumbai,2,1
T056610,C1690,199054.0,Delhi,2,1
T065866,C1690,694.0,,2,1
T047943,C1690,,,2,1
T037198,C1691,,Chennai,2,1
T062106,C1691,,,2,1
T068168,C1692,1897.0,Mumbai,3,1
T050412,C1692,1506.0,Mumbai,3,1
T050793,C1692,,Bangalore,2,1
T092737,C1692,258047.0,Mumbai,2,1
T085809,C1693,185506.0,Coimbatore,2,1
T046055,C1694,,Mumbai,2,1
T081437,C1695,2671.0,Madurai,2,1
T065723,C1696,,Bangalore,2,1
T027534,C1696,3821.0,,2,1
T081303,C1696,2359.0,,2,1
T008996,C1697,2180.0,,2,1
T069322,C1697,,Mumbai,2,1
T072130,C1697,,Chennai,2,1
T095798,C1697,2434.0,Delhi,2,1
T022433,C1697,,Kochi,2,1
T040767,C1697,,Bangalore,2,1
T022579,C1698,3044.0,,2,1
T058542,C1699,2074.0,Madurai,3,1
T028194,C1699,267190.0,,2,1
T008182,C1699,,Madurai,2,1
T086335,C1699,,Kochi,2,1
T083321,C1702,219460.0,Bangalore,2,1
T015300,C1702,2275.0,,2,1
T046884,C1702,270749.0,Bangalore,2,1
T071679,C1702,,Mumbai,2,1
T045950,C1703,,Delhi,2,1
T039996,C1703,,Delhi,2,1
T089114,C1703,133236.0,Mumbai,2,1
T022502,C1703,1541.0,,2,1
T019119,C1703,1767.0,Mumbai,2,1
T027377,C1704,172841.0,Madurai,2,1
T033460,C1704,255.0,,2,1
T004928,C1704,1080.0,,2,1
T071060,C1704,,Mumbai,2,1
T095822,C1704,3870.0,Madurai,2,1
T062727,C1704,238572.0,Bangalore,2,1
T064137,C1705,4177.0,,2,1
T063366,C1705,,Bangalore,2,1
T036161,C1705,1916.0,,2,1
T052335,C1705,,Mumbai,2,1
T084705,C1705,2973.0,,2,1
T019509,C1705,225261.0,Coimbatore,2,1
T097355,C1706,3835.0,Mumbai,2,1
T022613,C1707,2611.0,,2,1
T066865,C1707,3885.0,,2,1
T042628,C1707,,Madurai,2,1
T029001,C1708,2039.0,,2,1
T024011,C1709,,Coimbatore,2,1
T007802,C1709,208188.0,Bangalore,2,1
T061656,C1710,,Coimbatore,2,1
T003324,C1710,,Madurai,2,1
T025580,C1711,,Bangalore,2,1
T009159,C1712,,Mumbai,2,1
T076124,C1712,4308.0,,2,1
T009770,C1712,282164.0,Delhi,2,1
T071556,C1712,2687.0,,2,1
T061359,C1713,111.0,,2,1
T036937,C1714,214417.0,Madurai,2,1
T003254,C1714,2599.0,,2,1
T093371,C1715,1700.0,,2,1
T044078,C1715,4099.0,Madurai,2,1
T036698,C1715,2580.0,Chennai,2,1
T042617,C1715,,Mumbai,2,1
T089463,C1715,,,2,1
T058658,C1715,3204.0,Madurai,2,1
T068111,C1716,705.0,Kochi,2,1
T083161,C1716,4773.0,,2,1
T076466,C1716,235626.0,Chennai,2,1
T000946,C1717,1581.0,Kochi,3,1
T090673,C1717,3220.0,Delhi,2,1
T070738,C1717,4300.0,,2,1
T043877,C1717,,Mumbai,2,1
T056009,C1717,90505.0,Chennai,2,1
T031852,C1717,,Delhi,2,1
T013281,C1718,1733.0,Chennai,2,1
T056728,C1719,,Kochi,2,1
T087059,C1719,85663.0,Chennai,2,1
T060140,C1720,4671.0,,2,1
T084099,C1720,84477.0,Mumbai,2,1
T013337,C1720,147205.0,Chennai,2,1
T074728,C1720,3739.0,,2,1
T099976,C1720,,Bangalore,2,1
T000699,C1721,2172.0,Delhi,2,1
T078521,C1722,223126.0,Coimbatore,2,1
T044326,C1722,943.0,,2,1
T059581,C1722,527.0,,3,1
T045244,C1722,162865.0,Delhi,2,1
T004601,C1723,4759.0,,2,1
T046007,C1723,2487.0,Mumbai,3,1
T040770,C1723,1941.0,Chennai,2,1
T007374,C1723,,Delhi,2,1
T069164,C1723,4354.0,,2,1
T055636,C1724,820.0,Madurai,2,1
T003341,C1724,,Coimbatore,2,1
T097015,C1724,,Kochi,2,1
T088925,C1724,,Madurai,2,1
T033082,C1725,2473.0,Chennai,3,1
T065107,C1725,4305.0,,2,1
T059124,C1725,2266.0,,2,1
T022830,C1725,3274.0,Madurai,2,1
T078285,C1726,,Madurai,2,1
T046322,C1726,141943.0,Chennai,2,1
T011494,C1726,,Mumbai,2,1
T016529,C1726,547.0,,2,1
T083461,C1727,2577.0,,2,1
T017662,C1727,4314.0,Mumbai,2,1
T008501,C1728,,Delhi,2,1
T039288,C1728,145476.0,Bangalore,2,1
T076533,C1729,,Bangalore,2,1
T094398,C1729,,Coimbatore,2,1
T065599,C1730,848.0,,2,1
T051633,C1731,84888.0,Mumbai,2,1
T097460,C1731,,,2,1
T029067,C1731,271095.0,Mumbai,2,1
T025118,C1732,3716.0,,2,1
T063086,C1732,2518.0,,2,1
T067042,C1732,,Madurai,2,1
T005141,C1732,,Bangalore,2,1
T046244,C1732,339.0,,2,1
T007520,C1733,683.0,Chennai,3,1
T074941,C1733,2889.0,Chennai,2,1
T009412,C1734,,Bangalore,2,1
T062290,C1734,,Kochi,2,1
T094976,C1734,84256.0,Madurai,2,1
T011367,C1735,4567.0,,2,1
T006221,C1736,,Madurai,2,1
T043044,C1736,2073.0,Bangalore,2,1
T093655,C1736,,Delhi,2,1
T001056,C1737,3802.0,,2,1
T038696,C1738,,Madurai,2,1
T081379,C1738,699.0,Delhi,2,1
T014259,C1738,,Bangalore,2,1
T054405,C1739,3630.0,Delhi,3,1
T039428,C1739,4862.0,,2,1
T058249,C1740,2415.0,Delhi,2,1
T008871,C1740,80742.0,Mumbai,2,1
T015862,C1740,4022.0,Bangalore,2,1
T050917,C1740,2585.0,Delhi,2,1
T065885,C1741,263991.0,Kochi,2,1
T054939,C1741,242324.0,Mumbai,2,1
T091430,C1742,1463.0,,2,1
T023051,C1742,,Madurai,2,1
T071209,C1742,,Chennai,2,1
T012289,C1742,,Mumbai,2,1
T052471,C1743,171143.0,Madurai,2,1
T074842,C1743,3346.0,,2,1
T034764,C1743,296172.0,Delhi,2,1
T019616,C1744,189519.0,Delhi,3,1
T090361,C1744,,Chennai,2,1
T046464,C1744,,Madurai,2,1
T040630,C1745,,Kochi,2,1
T065123,C1745,,Coimbatore,2,1
T093960,C1745,,Chennai,2,1
T079909,C1745,,Delhi,2,1
T071091,C1745,,Chennai,2,1
T043313,C1746,517.0,Chennai,2,1
T050077,C1746,,Chennai,2,1
T030676,C1747,135666.0,Bangalore,2,1
T002422,C1747,4749.0,Delhi,2,1
T098078,C1747,,Delhi,2,1
T032065,C1748,,Madurai,2,1
T085324,C1748,1785.0,Coimbatore,2,1
T012309,C1748,,Mumbai,2,1
T071810,C1749,109.0,,2,1
T074038,C1749,1627.0,Delhi,2,1
T014375,C1749,4285.0,Chennai,2,1
T058826,C1749,4637.0,Kochi,2,1
T061084,C1750,,Madurai,2,1
T074844,C1751,,Mumbai,2,1
T061218,C1751,2178.0,Kochi,3,1
T006645,C1751,127751.0,Coimbatore,2,1
T049846,C1751,146.0,Bangalore,2,1
T018285,C1752,3625.0,,2,1
T039879,C1752,998.0,,2,1
T001884,C1753,,Delhi,2,1
T071644,C1753,4673.0,,2,1
T053426,C1753,,Delhi,2,1
T089285,C1754,,,2,1
T022677,C1754,,Kochi,2,1
T049003,C1754,,,2,1
T071948,C1754,117.0,,2,1
T036672,C1755,,Mumbai,2,1
T015587,C1755,,Delhi,2,1
T078333,C1755,4723.0,,2,1
T065525,C1756,1671.0,Coimbatore,3,1
T027861,C1756,165592.0,Bangalore,2,1
T085533,C1756,,Bangalore,2,1
T071766,C1756,,Mumbai,2,1
T012174,C1757,4126.0,Mumbai,2,1
T090633,C1757,239027.0,Mumbai,2,1
T007243,C1757,4893.0,Delhi,2,1
T095925,C1757,225815.0,Coimbatore,2,1
T032099,C1757,,Delhi,2,1
T086074,C1758,,Mumbai,2,1
T022711,C1758,,Coimbatore,2,1
T095812,C1759,4360.0,,2,1
T063495,C1759,2782.0,Madurai,2,1
T060200,C1760,,Bangalore,2,1
T029711,C1760,,Chennai,2,1
T051543,C1760,,Madurai,3,1
T019471,C1760,3710.0,,2,1
T097215,C1760,481.0,,2,1
T036824,C1761,4888.0,,2,1
T014570,C1761,,Coimbatore,2,1
T002684,C1761,154.0,,2,1
T039292,C1761,,Mumbai,2,1
T063202,C1761,,Bangalore,2,1
T082910,C1762,3044.0,Bangalore,2,1
T071199,C1762,2169.0,,2,1
T027759,C1762,287311.0,Coimbatore,2,1
T003796,C1762,,Kochi,2,1
T006390,C1763,279.0,,2,1
T060503,C1763,1631.0,Bangalore,2,1
T079889,C1763,4000.0,Kochi,2,1
T084238,C1763,,Madurai,2,1
T056848,C1763,208.0,Kochi,2,1
T070898,C1764,,Chennai,2,1
T069834,C1764,298596.0,Mumbai,2,1
T087471,C1764,245946.0,Chennai,2,1
T027345,C1764,216239.0,Bangalore,2,1
T095190,C1765,234041.0,,2,1
T038808,C1765,,Coimbatore,2,1
T028608,C1765,236347.0,Coimbatore,2,1
T077002,C1765,274405.0,Madurai,2,1
T093553,C1766,,Coimbatore,2,1
T056842,C1766,2942.0,Madurai,2,1
T028137,C1766,,,2,1
T093170,C1766,285192.0,Kochi,2,1
T071080,C1766,,Madurai,2,1
T015910,C1766,,Delhi,2,1
T047696,C1766,,Mumbai,2,1
T046231,C1767,,Madurai,2,1
T016244,C1767,3594.0,,3,1
T035564,C1767,,Bangalore,2,1
T047866,C1767,,Coimbatore,2,1
T021428,C1767,,Coimbatore,2,1
T013605,C1767,4805.0,Coimbatore,2,1
T012223,C1768,,Mumbai,2,1
T026047,C1768,949.0,Chennai,2,1
T057980,C1769,698.0,,2,1
T029356,C1769,,Chennai,2,1
T025324,C1769,101725.0,Chennai,2,1
T056829,C1770,,Coimbatore,2,1
T069154,C1770,3428.0,,2,1
T017929,C1770,,Bangalore,2,1
T013557,C1772,2078.0,Kochi,2,1
T075148,C1773,,Madurai,2,1
T004360,C1773,,Chennai,2,1
T060381,C1773,,Kochi,2,1
T030360,C1773,662.0,Kochi,2,1
T021331,C1774,,Kochi,2,1
T001848,C1774,2200.0,Chennai,2,1
T018925,C1774,2746.0,,2,1
T099409,C1774,,Madurai,2,1
T086528,C1775,178938.0,,2,1
T020004,C1775,2322.0,Coimbatore,2,1
T032447,C1775,3036.0,,2,1
T030264,C1775,,Coimbatore,2,1
T019676,C1775,3111.0,Mumbai,2,1
T060740,C1776,,Bangalore,2,1
T033045,C1777,213760.0,Madurai,2,1
T011197,C1777,2379.0,,3,1
T068099,C1778,,Bangalore,2,1
T040809,C1779,207292.0,Coimbatore,2,1
T006744,C1779,1446.0,Chennai,2,1
T042372,C1779,,Kochi,2,1
T062235,C1780,,Madurai,2,1
T057047,C1780,,Madurai,2,1
T083754,C1780,159890.0,Mumbai,2,1
T091169,C1780,,Delhi,2,1
T077764,C1780,4868.0,,2,1
T054260,C1780,1033.0,,2,1
T044883,C1780,241001.0,Coimbatore,2,1
T024500,C1780,1789.0,Madurai,2,1
T010963,C1781,1958.0,,2,1
T066804,C1782,211890.0,Mumbai,2,1
T045082,C1782,1270.0,,2,1
T026727,C1782,1033.0,Bangalore,2,1
T057881,C1783,,Kochi,2,1
T092243,C1783,,Madurai,2,1
T089278,C1783,,Madurai,2,1
T014407,C1783,,Madurai,2,1
T069975,C1784,,Kochi,2,1
T035255,C1784,2204.0,Kochi,2,1
T034007,C1784,3419.0,,2,1
T075221,C1784,170333.0,Delhi,2,1
T052105,C1785,2853.0,,2,1
T087858,C1785,326.0,Bangalore,2,1
T006524,C1785,551.0,Madurai,3,1
T030465,C1785,4718.0,,2,1
T016248,C1785,,Mumbai,2,1
T018044,C1786,2062.0,Madurai,2,1
T077258,C1786,,Chennai,2,1
T026071,C1786,94264.0,Delhi,2,1
T063175,C1787,1030.0,,2,1
T097630,C1787,194008.0,Mumbai,2,1
T009500,C1787,,Delhi,2,1
T000281,C1788,626.0,,2,1
T048331,C1788,3462.0,,2,1
T065801,C1788,4165.0,,2,1
T001183,C1788,4463.0,,2,1
T024385,C1788,2598.0,,2,1
T002611,C1788,,Chennai,2,1
T014310,C1789,288.0,Kochi,2,1
T091794,C1789,3512.0,,2,1
T062498,C1789,262618.0,Chennai,2,1
T056399,C1789,240650.0,Delhi,2,1
T011960,C1789,4541.0,Chennai,2,1
T058930,C1789,2899.0,Delhi,3,1
T043664,C1789,,Coimbatore,2,1
T059529,C1789,111417.0,Chennai,2,1
T044860,C1790,3979.0,,2,1
T065415,C1790,4709.0,,2,1
T078682,C1790,139185.0,Mumbai,2,1
T082750,C1791,,Mumbai,2,1
T069486,C1791,,Kochi,2,1
T052821,C1791,3157.0,Madurai,2,1
T084718,C1791,4906.0,Kochi,2,1
T020626,C1791,,Chennai,2,1
T091810,C1792,,Delhi,2,1
T086759,C1792,1423.0,Madurai,2,1
T074542,C1792,1340.0,Coimbatore,2,1
T035072,C1792,,Bangalore,2,1
T089759,C1792,2375.0,Kochi,2,1
T021290,C1792,,Madurai,2,1
T011668,C1792,1873.0,,2,1
T069224,C1792,239879.0,Coimbatore,2,1
T075603,C1793,3887.0,,2,1
T075937,C1793,1137.0,Chennai,2,1
T020932,C1793,4133.0,Delhi,3,1
T048665,C1793,3901.0,Chennai,2,1
T023292,C1793,85221.0,Madurai,2,1
T039780,C1793,3313.0,,2,1
T010260,C1793,,Kochi,2,1
T087398,C1794,,Bangalore,2,1
T077272,C1794,,Chennai,2,1
T046106,C1795,,Coimbatore,2,1
T024457,C1795,2505.0,,2,1
T094955,C1797,85125.0,Mumbai,2,1
T085880,C1797,200496.0,Coimbatore,2,1
T086194,C1797,4474.0,Coimbatore,2,1
T076919,C1797,4061.0,Kochi,3,1
T028062,C1797,141324.0,Bangalore,2,1
T069500,C1798,92859.0,Coimbatore,2,1
T092916,C1798,1832.0,,2,1
T031880,C1799,679.0,,2,1
T062146,C1799,843.0,,2,1
T053033,C1799,,Madurai,2,1
T063831,C1800,3280.0,,2,1
T067517,C1800,196854.0,Coimbatore,2,1
T011979,C1802,1994.0,,2,1
T084094,C1802,267456.0,Mumbai,2,1
T021272,C1803,4323.0,,2,1
T036276,C1803,112431.0,Coimbatore,2,1
T016442,C1805,86090.0,Bangalore,2,1
T028907,C1805,,Madurai,2,1
T024689,C1805,824.0,,2,1
T040989,C1805,1156.0,Coimbatore,2,1
T043909,C1805,,Mumbai,2,1
T071475,C1806,1667.0,Coimbatore,2,1
T044017,C1806,3436.0,,2,1
T069789,C1806,,Madurai,2,1
T086572,C1806,,Bangalore,2,1
T080283,C1807,605.0,,2,1
T001712,C1808,,Coimbatore,2,1
T089166,C1808,,Mumbai,2,1
T024310,C1808,,Delhi,2,1
T043700,C1808,,Madurai,2,1
T057542,C1808,,Kochi,2,1
T002703,C1809,,Bangalore,2,1
T057616,C1809,,Madurai,2,1
T068119,C1809,252375.0,Coimbatore,3,1
T063064,C1809,,Delhi,2,1
T086840,C1809,,Coimbatore,2,1
T098866,C1810,1924.0,Madurai,2,1
T027010,C1810,3028.0,,2,1
T014536,C1811,,Kochi,2,1
T057208,C1811,577.0,,2,1
T003255,C1811,,Coimbatore,2,1
T066872,C1811,,Madurai,2,1
T014852,C1811,,Mumbai,2,1
T039786,C1811,95739.0,Coimbatore,2,1
T017436,C1812,4890.0,,2,1
T050819,C1812,3162.0,Bangalore,3,1
T028887,C1812,4285.0,Coimbatore,2,1
T005416,C1812,3901.0,Mumbai,2,1
T032515,C1812,,Bangalore,2,1
T018098,C1813,,Chennai,2,1
T000954,C1813,,Coimbatore,2,1
T050265,C1813,,Delhi,3,1
T008012,C1813,225990.0,Delhi,2,1
T078578,C1813,4139.0,,2,1
T090942,C1813,179731.0,Chennai,2,1
T022398,C1813,2310.0,Coimbatore,2,1
T084783,C1813,,Delhi,2,1
T036100,C1813,,Bangalore,2,1
T015789,C1814,4402.0,Bangalore,2,1
T009020,C1814,2213.0,,2,1
T046579,C1814,,Madurai,2,1
T073489,C1814,275760.0,,3,1
T007019,C1814,,Chennai,2,1
T093529,C1814,776.0,Madurai,2,1
T055442,C1814,3679.0,Coimbatore,2,1
T090269,C1815,4538.0,Madurai,3,1
T048250,C1815,1462.0,Coimbatore,2,1
T058991,C1815,,Delhi,2,1
T018361,C1815,,Kochi,2,1
T067757,C1818,,Delhi,2,1
T060056,C1818,1360.0,,2,1
T011810,C1818,,Coimbatore,2,1
T047782,C1818,224762.0,Coimbatore,2,1
T099535,C1818,,Madurai,2,1
T084280,C1819,,Madurai,2,1
T058290,C1819,114320.0,Delhi,2,1
T020383,C1819,2825.0,,4,1
T036175,C1819,4053.0,,2,1
T082216,C1819,,Mumbai,2,1
T005326,C1820,,Coimbatore,2,1
T049899,C1820,1530.0,,2,1
T018236,C1820,247035.0,Kochi,2,1
T088104,C1821,1487.0,Coimbatore,2,1
T072517,C1821,222868.0,Bangalore,2,1
T080980,C1821,,Mumbai,2,1
T087454,C1822,93406.0,Coimbatore,2,1
T016187,C1822,4095.0,Bangalore,3,1
T090645,C1822,1833.0,Chennai,2,1
T010683,C1822,1228.0,,2,1
T036917,C1822,3066.0,Bangalore,2,1
T074811,C1822,,Chennai,2,1
T016665,C1823,,Madurai,2,1
T024731,C1823,,Coimbatore,2,1
T043630,C1823,3691.0,,2,1
T097068,C1824,,Madurai,2,1
T078459,C1824,,Coimbatore,2,1
T070168,C1825,2880.0,,2,1
T066797,C1825,2751.0,Madurai,2,1
T064622,C1826,981.0,,2,1
T017848,C1826,1213.0,,2,1
T016722,C1827,3999.0,,2,1
T023156,C1827,3408.0,Bangalore,2,1
T067183,C1827,2101.0,Bangalore,2,1
T014700,C1827,3216.0,Kochi,2,1
T005906,C1827,901.0,Madurai,2,1
T096692,C1829,4200.0,,2,1
T063138,C1829,3053.0,,2,1
T057372,C1829,818.0,,2,1
T043610,C1829,,Kochi,3,1
T018852,C1829,1072.0,,2,1
T001314,C1830,93463.0,Delhi,2,1
T077133,C1830,,Chennai,2,1
T079247,C1830,107021.0,Coimbatore,2,1
T092464,C1830,2417.0,Coimbatore,2,1
T001489,C1830,1955.0,Mumbai,3,1
T081998,C1831,,Madurai,2,1
T019029,C1831,,Bangalore,2,1
T070790,C1831,1224.0,Chennai,3,1
T024945,C1832,291147.0,Coimbatore,2,1
T079505,C1832,109197.0,Mumbai,2,1
T078159,C1832,,Bangalore,2,1
T070608,C1833,4106.0,,2,1
T010398,C1833,,Coimbatore,2,1
T008363,C1833,4441.0,,2,1
T055638,C1833,4676.0,Chennai,3,1
T009095,C1833,,Kochi,2,1
T016336,C1834,2202.0,Delhi,2,1
T052345,C1834,,Mumbai,2,1
T023979,C1835,,Bangalore,2,1
T097932,C1836,4599.0,,2,1
T009932,C1836,,Coimbatore,2,1
T013037,C1837,87.0,Bangalore,2,1
T052125,C1837,2977.0,,2,1
T026486,C1837,220149.0,Bangalore,2,1
T099854,C1838,,,2,1
T095151,C1838,,Kochi,2,1
T020270,C1838,2752.0,Chennai,2,1
T080213,C1838,,Madurai,2,1
T028786,C1839,,Delhi,2,1
T013200,C1839,4321.0,Mumbai,2,1
T030178,C1839,,Coimbatore,2,1
T009136,C1840,529.0,Delhi,2,1
T066692,C1840,4379.0,Chennai,2,1
T093239,C1840,,Mumbai,2,1
T027510,C1841,,Delhi,2,1
T080646,C1841,,Coimbatore,2,1
T032729,C1841,,Delhi,2,1
T030484,C1842,3647.0,,2,1
T017439,C1842,1763.0,,2,1
T047528,C1843,191152.0,Coimbatore,2,1
T060908,C1845,3882.0,Bangalore,2,1
T070471,C1845,1024.0,Delhi,3,1
T003908,C1845,,Mumbai,2,1
T042971,C1845,,Bangalore,2,1
T069684,C1845,1165.0,Madurai,2,1
T013113,C1845,232754.0,Delhi,2,1
T016634,C1846,,Bangalore,2,1
T082877,C1846,,Chennai,3,1
T038915,C1846,,Bangalore,2,1
T050756,C1846,114.0,,2,1
T088759,C1846,,Madurai,2,1
T002265,C1846,,Bangalore,2,1
T083911,C1846,149518.0,Coimbatore,2,1
T028241,C1847,196574.0,Kochi,2,1
T004443,C1847,,Bangalore,2,1
T028079,C1847,214017.0,Madurai,2,1
T006143,C1848,,Kochi,2,1
T024156,C1848,1875.0,,2,1
T083163,C1848,2915.0,Coimbatore,2,1
T013633,C1849,,Coimbatore,2,1
T016377,C1849,,Coimbatore,2,1
T089005,C1849,,Chennai,2,1
T027967,C1850,,Coimbatore,2,1
T024520,C1851,4776.0,Chennai,2,1
T062532,C1851,3547.0,Delhi,2,1
T066075,C1852,4451.0,,2,1
T080536,C1852,,Kochi,3,1
T071790,C1852,291017.0,Chennai,2,1
T090298,C1853,91382.0,Mumbai,2,1
T005081,C1853,,Madurai,2,1
T086012,C1853,2439.0,,2,1
T086283,C1853,853.0,,3,1
T017653,C1853,,Delhi,2,1
T058846,C1853,2621.0,,2,1
T030260,C1854,112389.0,Mumbai,2,1
T059521,C1854,109831.0,Madurai,2,1
T086238,C1854,160843.0,Mumbai,2,1
T043448,C1854,143147.0,Chennai,2,1
T029923,C1854,21.0,,2,1
T078137,C1854,,Madurai,2,1
T059001,C1855,3392.0,,2,1
T087778,C1855,,Coimbatore,2,1
T003927,C1855,157771.0,,3,1
T097795,C1856,199103.0,,2,1
T096030,C1856,523.0,,2,1
T088021,C1856,,Coimbatore,2,1
T047928,C1857,,Mumbai,2,1
T076021,C1857,1493.0,,2,1
T086978,C1857,2975.0,,2,1
T087835,C1857,4679.0,,2,1
T032909,C1858,,Chennai,2,1
T037869,C1859,,Chennai,2,1
T056158,C1859,4772.0,,2,1
T026417,C1859,754.0,,2,1
T062535,C1859,4131.0,Chennai,2,1
T048428,C1859,3109.0,,2,1
T060916,C1859,87560.0,Coimbatore,2,1
T086486,C1860,151101.0,Coimbatore,2,1
T096081,C1860,,Madurai,2,1
T091295,C1860,1207.0,,2,1
T085658,C1861,4962.0,Bangalore,2,1
T084554,C1861,,Kochi,2,1
T083317,C1861,4136.0,,2,1
T086627,C1861,3260.0,,2,1
T089915,C1861,4468.0,,2,1
T028503,C1861,,Kochi,2,1
T025615,C1862,2804.0,Mumbai,2,1
T074392,C1862,1656.0,,2,1
T027285,C1862,3155.0,,2,1
T092681,C1862,,Mumbai,2,1
T087520,C1863,,Kochi,2,1
T053434,C1863,,Chennai,2,1
T048135,C1863,2640.0,,2,1
T072616,C1863,,Bangalore,2,1
T014113,C1864,3235.0,,2,1
T079651,C1865,3592.0,,2,1
T034660,C1865,4642.0,,2,1
T093551,C1866,4174.0,,2,1
T011640,C1866,292231.0,Mumbai,2,1
T022012,C1866,2771.0,,2,1
T081251,C1866,3993.0,Kochi,2,1
T010096,C1867,3154.0,Mumbai,2,1
T069604,C1868,723.0,,2,1
T044426,C1868,,Bangalore,2,1
T035956,C1868,,Delhi,2,1
T071029,C1868,,Coimbatore,2,1
T012845,C1869,,Coimbatore,2,1
T084964,C1870,138148.0,Madurai,2,1
T050925,C1870,,Delhi,2,1
T009955,C1870,,Madurai,2,1
T097767,C1871,2020.0,,2,1
T017417,C1871,163668.0,Delhi,2,1
T059185,C1871,3193.0,Kochi,2,1
T075421,C1871,,Bangalore,2,1
T076224,C1872,,Delhi,2,1
T079109,C1873,137.0,,2,1
T096605,C1873,,,2,1
T003904,C1874,245821.0,Kochi,2,1
T034718,C1874,,Chennai,2,1
T009286,C1874,727.0,,2,1
T008373,C1874,,Kochi,2,1
T045873,C1875,3349.0,,2,1
T002153,C1875,,Bangalore,2,1
T092805,C1875,160938.0,Delhi,2,1
T014186,C1875,,Chennai,2,1
T024623,C1876,3006.0,,2,1
T011978,C1876,,Kochi,2,1
T071242,C1876,,Chennai,2,1
T004085,C1876,,Kochi,2,1
T070820,C1876,,Bangalore,2,1
T037840,C1876,,Chennai,2,1
T036512,C1877,3001.0,,2,1
T027408,C1878,,Madurai,2,1
T086762,C1878,225742.0,Bangalore,2,1
T071546,C1878,453.0,Coimbatore,2,1
T086391,C1878,,Coimbatore,2,1
T061215,C1878,142619.0,Madurai,2,1
T004051,C1879,256274.0,Mumbai,2,1
T089848,C1879,,Kochi,3,1
T015481,C1880,119384.0,Kochi,2,1
T073732,C1880,4113.0,,2,1
T011853,C1882,,Chennai,2,1
T056747,C1882,230687.0,Coimbatore,2,1
T079013,C1883,4815.0,,2,1
T042501,C1883,,Delhi,4,1
T016006,C1883,1361.0,,2,1
T056330,C1884,4759.0,,2,1
T042003,C1884,,Delhi,2,1
T057289,C1884,2434.0,,2,1
T096754,C1885,,Mumbai,2,1
T054867,C1885,4191.0,,2,1
T087652,C1885,,Bangalore,2,1
T017845,C1885,125.0,Coimbatore,2,1
T092704,C1886,,Kochi,2,1
T081811,C1886,90015.0,Mumbai,2,1
T026643,C1886,1853.0,,2,1
T011027,C1886,2819.0,,2,1
T070662,C1886,,Delhi,2,1
T044174,C1887,3902.0,,2,1
T011391,C1887,2336.0,Coimbatore,2,1
T046170,C1887,522.0,,2,1
T044887,C1888,270863.0,Madurai,2,1
T085203,C1889,,Kochi,2,1
T041693,C1889,,Mumbai,2,1
T029895,C1889,,Chennai,2,1
T030503,C1890,,Madurai,2,1
T006540,C1891,128747.0,Bangalore,2,1
T053624,C1892,251825.0,Coimbatore,2,1
T015451,C1892,269520.0,Bangalore,2,1
T007975,C1892,,Kochi,2,1
T090344,C1892,3336.0,Mumbai,2,1
T053789,C1893,,Bangalore,2,1
T092410,C1893,,Kochi,2,1
T091733,C1893,,Coimbatore,2,1
T092166,C1893,633.0,Coimbatore,2,1
T054664,C1894,,Coimbatore,2,1
T069862,C1895,,Mumbai,2,1
T048457,C1895,,Delhi,2,1
T084062,C1895,3497.0,,2,1
T066111,C1895,4554.0,Kochi,2,1
T013331,C1895,1873.0,Coimbatore,2,1
T090656,C1896,,Delhi,2,1
T093844,C1896,,Kochi,2,1
T077249,C1896,2486.0,,2,1
T098296,C1897,,Bangalore,2,1
T070764,C1897,1468.0,,2,1
T052771,C1897,181834.0,Chennai,2,1
T085122,C1897,,Kochi,4,1
T071320,C1898,2164.0,,2,1
T011559,C1898,100195.0,Coimbatore,2,1
T050133,C1898,,Madurai,2,1
T092953,C1898,,Mumbai,2,1
T046426,C1899,,,2,1
T061718,C1899,118389.0,Chennai,2,1
T061663,C1900,638.0,,2,1
T049371,C1900,,Delhi,2,1
T079700,C1901,104295.0,Madurai,2,1
T036031,C1901,,Kochi,2,1
T047454,C1902,,Coimbatore,2,1
T010146,C1902,4366.0,,2,1
T038263,C1903,646.0,Madurai,2,1
T041221,C1903,,,2,1
T084869,C1903,,Coimbatore,2,1
T059104,C1904,,Mumbai,2,1
T097770,C1904,1525.0,Chennai,2,1
T023166,C1904,1391.0,Coimbatore,3,1
T067794,C1904,,Bangalore,2,1
T070405,C1905,2305.0,Mumbai,2,1
T088134,C1905,,Mumbai,2,1
T008690,C1905,4841.0,Mumbai,2,1
T026690,C1905,141873.0,Kochi,2,1
T073615,C1905,,Madurai,3,1
T068536,C1906,109322.0,Madurai,2,1
T048380,C1906,22.0,,2,1
T024255,C1906,473.0,,2,1
T079513,C1907,,Mumbai,2,1
T072745,C1907,,Kochi,2,1
T024223,C1907,1333.0,,2,1
T009004,C1908,,Bangalore,2,1
T075130,C1908,,Madurai,2,1
T012428,C1910,,Mumbai,2,1
T061919,C1910,274016.0,Delhi,2,1
T016599,C1910,4217.0,,2,1
T009100,C1910,2766.0,Delhi,2,1
T041119,C1910,3520.0,,2,1
T072879,C1911,,Madurai,2,1
T068058,C1911,,Kochi,2,1
T072977,C1912,,Bangalore,2,1
T026190,C1912,2716.0,Madurai,2,1
T043501,C1912,4567.0,,2,1
T086629,C1913,,Madurai,2,1
T076086,C1913,226.0,Chennai,2,1
T028922,C1913,,Coimbatore,2,1
T022340,C1913,1593.0,,2,1
T051700,C1914,141364.0,Coimbatore,2,1
T064150,C1915,2117.0,,2,1
T021321,C1915,,Bangalore,2,1
T064501,C1915,1824.0,Kochi,2,1
T044522,C1915,512.0,Bangalore,2,1
T097561,C1915,,,2,1
T099478,C1915,99406.0,Bangalore,2,1
T082708,C1916,512.0,,2,1
T089481,C1916,1888.0,,2,1
T050502,C1916,,Mumbai,2,1
T067605,C1916,,Delhi,2,1
T064423,C1917,634.0,,2,1
T048793,C1917,,Mumbai,2,1
T025432,C1918,4355.0,,2,1
T028581,C1918,,Kochi,2,1
T079115,C1919,2533.0,,2,1
T049833,C1919,,Kochi,2,1
T009462,C1919,1581.0,,2,1
T037830,C1919,,Coimbatore,3,1
T044450,C1919,,Madurai,2,1
T059025,C1919,249031.0,Bangalore,2,1
T046943,C1919,2152.0,Mumbai,3,1
T090537,C1921,4308.0,,2,1
T028388,C1921,,Kochi,3,1
T024423,C1922,,Mumbai,2,1
T017462,C1922,1870.0,Bangalore,2,1
T025148,C1922,173141.0,Chennai,2,1
T010908,C1922,2928.0,Mumbai,2,1
T017568,C1922,,Bangalore,2,1
T000598,C1923,290904.0,Bangalore,2,1
T032810,C1923,,Chennai,2,1
T098725,C1923,127133.0,Chennai,2,1
T090586,C1923,,Madurai,2,1
T005646,C1923,3356.0,Bangalore,2,1
T077095,C1924,,Coimbatore,2,1
T046456,C1924,215697.0,Delhi,2,1
T001119,C1924,,Madurai,2,1
T065346,C1924,857.0,Coimbatore,3,1
T021680,C1925,153493.0,Coimbatore,2,1
T028948,C1925,,Chennai,2,1
T015717,C1925,3404.0,Coimbatore,2,1
T089458,C1926,,Kochi,2,1
T011581,C1926,1650.0,,2,1
T019842,C1926,,Bangalore,2,1
T088491,C1927,762.0,Madurai,2,1
T016683,C1927,903.0,,2,1
T017161,C1927,124633.0,Chennai,2,1
T007492,C1928,3804.0,,2,1
T076132,C1928,1180.0,Bangalore,2,1
T067223,C1928,521.0,Delhi,2,1
T050774,C1928,4834.0,,2,1
T015606,C1928,2099.0,,2,1
T041738,C1928,1611.0,,2,1
T055242,C1928,2248.0,,2,1
T052844,C1929,,Coimbatore,2,1
T073843,C1929,319.0,Bangalore,2,1
T037745,C1930,,Coimbatore,2,1
T047711,C1930,3136.0,,2,1
T047487,C1930,,Madurai,2,1
T075649,C1931,571.0,Kochi,2,1
T078401,C1931,230781.0,Madurai,2,1
T006719,C1931,528.0,Chennai,2,1
T093877,C1931,,Bangalore,2,1
T019223,C1931,189433.0,Mumbai,2,1
T029920,C1931,,,3,1
T052207,C1931,,Madurai,2,1
T078839,C1931,4539.0,,2,1
T085805,C1932,115124.0,Mumbai,2,1
T004685,C1932,1352.0,,2,1
T076235,C1932,1788.0,,2,1
T005891,C1932,201332.0,Coimbatore,2,1
T013681,C1933,276.0,Chennai,2,1
T082672,C1933,314.0,Madurai,3,1
T020812,C1933,,Coimbatore,2,1
T087541,C1934,1857.0,,2,1
T075095,C1934,,Coimbatore,2,1
T015930,C1935,90897.0,Chennai,2,1
T003149,C1935,903.0,Mumbai,2,1
T085699,C1935,,Bangalore,2,1
T044097,C1935,,Chennai,2,1
T083472,C1935,246254.0,Kochi,2,1
T090295,C1936,3155.0,,2,1
T042874,C1936,,Mumbai,2,1
T097800,C1937,,Madurai,2,1
T036524,C1937,1867.0,Bangalore,2,1
T042494,C1937,222102.0,Madurai,2,1
T027021,C1937,,Coimbatore,2,1
T009074,C1937,4747.0,,2,1
T021299,C1937,,Coimbatore,2,1
T098938,C1937,225457.0,Mumbai,2,1
T043429,C1937,,Mumbai,2,1
T058388,C1938,137299.0,Coimbatore,2,1
T005975,C1938,1379.0,,2,1
T081875,C1938,188144.0,Delhi,2,1
T026241,C1938,,Bangalore,2,1
T060971,C1939,4450.0,,2,1
T068756,C1939,4570.0,Bangalore,2,1
T013016,C1940,751.0,,2,1
T039452,C1940,,Chennai,2,1
T041584,C1942,85628.0,Madurai,2,1
T029182,C1942,185612.0,Bangalore,2,1
T082043,C1942,3276.0,Madurai,2,1
T047146,C1943,132478.0,Bangalore,2,1
T011832,C1944,770.0,,2,1
T093062,C1944,4640.0,Bangalore,2,1
T028010,C1944,3581.0,,2,1
T078410,C1945,,Delhi,2,1
T064838,C1945,,,2,1
T002275,C1945,154472.0,Madurai,2,1
T093353,C1947,3386.0,,2,1
T047002,C1947,4170.0,,2,1
T048651,C1947,,Coimbatore,2,1
T019062,C1947,959.0,Mumbai,2,1
T062860,C1947,4305.0,,2,1
T033931,C1948,1619.0,,2,1
T049971,C1948,,Coimbatore,2,1
T074133,C1948,,Delhi,2,1
T023468,C1949,2449.0,,2,1
T008504,C1949,4957.0,,2,1
T023429,C1949,4893.0,,2,1
T045780,C1949,123225.0,Chennai,2,1
T085195,C1949,,Mumbai,2,1
T058384,C1950,,Bangalore,2,1
T032022,C1950,227455.0,Bangalore,2,1
T087076,C1950,211099.0,Delhi,2,1
T093915,C1950,,Madurai,2,1
T064564,C1950,,Chennai,2,1
T093365,C1950,866.0,,2,1
T044977,C1950,,Delhi,2,1
T039403,C1951,234002.0,Coimbatore,2,1
T041484,C1951,4613.0,,2,1
T080947,C1951,4293.0,,2,1
T033390,C1951,,Coimbatore,2,1
T002545,C1952,101976.0,Mumbai,2,1
T052693,C1953,264172.0,Bangalore,2,1
T000341,C1953,1743.0,,2,1
T053342,C1953,,Delhi,2,1
T034921,C1953,,,2,1
T049973,C1953,927.0,,2,1
T077003,C1954,1484.0,Delhi,2,1
T057009,C1954,627.0,,2,1
T051157,C1955,2842.0,,2,1
T020589,C1955,1728.0,Chennai,2,1
T072494,C1956,,Madurai,2,1
T015076,C1956,,,2,1
T006808,C1956,,Kochi,3,1
T079149,C1957,,Mumbai,2,1
T020867,C1957,3419.0,,2,1
T061600,C1957,,Coimbatore,2,1
T097691,C1958,,Delhi,2,1
T001830,C1958,106951.0,Madurai,2,1
T068074,C1959,,Coimbatore,2,1
T086368,C1959,582.0,Mumbai,2,1
T059275,C1960,3000.0,,2,1
T010099,C1960,,Mumbai,2,1
T039917,C1960,,Bangalore,2,1
T060632,C1960,2518.0,Madurai,3,1
T096675,C1960,3207.0,Delhi,2,1
T064321,C1961,,Delhi,2,1
T012924,C1962,156288.0,Chennai,2,1
T070582,C1962,,Madurai,2,1
T050888,C1963,143873.0,Kochi,2,1
T042447,C1963,,Mumbai,2,1
T037647,C1963,,Chennai,2,1
T039514,C1963,,Chennai,2,1
T029831,C1964,,Chennai,2,1
T057684,C1964,294426.0,,2,1
T030291,C1965,,Bangalore,2,1
T033750,C1965,261642.0,Delhi,2,1
T060665,C1966,,Mumbai,2,1
T011733,C1967,,Kochi,2,1
T077436,C1967,294969.0,,2,1
T088484,C1968,987.0,Chennai,2,1
T018270,C1968,,Delhi,2,1
T059045,C1968,,Delhi,2,1
T095339,C1969,123959.0,Mumbai,2,1
T063608,C1969,1918.0,,2,1
T012851,C1970,,Delhi,2,1
T074592,C1970,286.0,Mumbai,2,1
T068968,C1970,1835.0,Madurai,2,1
T084583,C1970,4476.0,Bangalore,2,1
T005557,C1970,,Mumbai,2,1
T063199,C1971,2706.0,,2,1
T032492,C1971,,,2,1
T013798,C1971,2587.0,,2,1
T065828,C1972,,Mumbai,2,1
T075448,C1972,158.0,,2,1
T090015,C1972,,Chennai,2,1
T001873,C1972,,Chennai,2,1
T066713,C1972,795.0,Kochi,2,1
T006003,C1973,,Madurai,2,1
T079908,C1973,,Delhi,2,1
T043696,C1974,,,2,1
T078503,C1974,4711.0,Bangalore,2,1
T045799,C1974,3411.0,,2,1
T042740,C1975,1406.0,Bangalore,3,1
T028366,C1975,,Bangalore,2,1
T089009,C1975,3137.0,,2,1
T036821,C1976,4529.0,Madurai,2,1
T063079,C1976,,Coimbatore,2,1
T019828,C1976,,Delhi,2,1
T069586,C1977,4915.0,Mumbai,2,1
T074650,C1977,121998.0,Madurai,2,1
T041180,C1978,,Coimbatore,2,1
T084333,C1978,299250.0,Delhi,2,1
T018132,C1979,,Delhi,2,1
T059621,C1980,,Mumbai,2,1
T085647,C1980,146681.0,Mumbai,2,1
T020072,C1980,,Bangalore,3,1
T042992,C1980,464.0,,2,1
T082929,C1980,4804.0,Bangalore,3,1
T061458,C1981,153571.0,Mumbai,2,1
T007876,C1982,,Bangalore,2,1
T086131,C1982,,Coimbatore,2,1
T025638,C1983,,Mumbai,2,1
T020207,C1983,,,2,1
T009919,C1983,4884.0,,2,1
T072502,C1983,2482.0,Delhi,2,1
T094848,C1983,88766.0,Chennai,2,1
T026454,C1983,4378.0,,2,1
T078959,C1983,1513.0,Kochi,3,1
T027382,C1984,1029.0,,2,1
T099347,C1985,1377.0,,2,1
T093036,C1985,,Madurai,2,1
T076056,C1985,3901.0,Delhi,2,1
T015469,C1985,272661.0,Madurai,2,1
T039191,C1986,,Kochi,2,1
T064062,C1986,1158.0,,2,1
T001042,C1987,672.0,Delhi,3,1
T018316,C1988,159853.0,Bangalore,2,1
T094172,C1988,83654.0,Chennai,2,1
T059534,C1988,1640.0,,2,1
T028417,C1989,,,2,1
T066594,C1989,,Chennai,2,1
T024924,C1990,,Kochi,2,1
T044121,C1990,,Kochi,2,1
T007157,C1991,,Mumbai,2,1
T053446,C1991,,Chennai,2,1
T089846,C1992,137429.0,Delhi,2,1
T085434,C1992,,Bangalore,2,1
T009597,C1992,1795.0,Mumbai,2,1
T022405,C1992,278015.0,Coimbatore,2,1
T014877,C1993,143323.0,Madurai,2,1
T029549,C1993,,Kochi,2,1
T004697,C1993,152934.0,,2,1
T004972,C1993,4583.0,,2,1
T053887,C1993,1957.0,,2,1
T085572,C1993,118370.0,Mumbai,2,1
T072070,C1993,,,2,1
T026152,C1994,,Coimbatore,2,1
T005596,C1994,,Madurai,2,1
T040317,C1994,,Chennai,2,1
T043898,C1994,,Chennai,2,1
T035500,C1995,1436.0,,2,1
T043369,C1995,,Chennai,2,1
T092461,C1995,,Kochi,2,1
T075715,C1995,3715.0,,2,1
T093727,C1995,2775.0,Mumbai,2,1
T026104,C1996,4038.0,,2,1
T023261,C1996,,Mumbai,2,1
T052245,C1997,263042.0,Mumbai,2,1
T012176,C1997,586.0,,2,1
T091504,C1998,,Delhi,2,1
T021063,C1999,,Kochi,2,1
T033816,C1999,898.0,Delhi,3,1
T007993,C1999,3719.0,,2,1
